"PARID","LUC","LUC_desc","situs","NAME","year","if1991","yearGroup"
"0401 00010000","R-10","R - Single Family/Cabin","143 W STATE ST","Avondale",1870,"Before 1991","1950 or older"
"0401 00090000","R-10","R - Single Family/Cabin","15 W THIRD ST","Avondale",1900,"Before 1991","1950 or older"
"0401 00100000","R-40","A - Aparments (4-19 Units)","300  PENNSYLVANIA AVE","Avondale",1884,"Before 1991","1950 or older"
"0401 00110000","R-10","R - Single Family/Cabin","310  PENNSYLVANIA AVE","Avondale",1900,"Before 1991","1950 or older"
"0401 00120000","R-10","R - Single Family/Cabin","314  PENNSYLVANIA AVE","Avondale",1900,"Before 1991","1950 or older"
"0401 00130000","R-10","R - Single Family/Cabin","318  PENNSYLVANIA AVE","Avondale",1900,"Before 1991","1950 or older"
"0401 00140000","R-10","R - Single Family/Cabin","322  PENNSYLVANIA AVE","Avondale",1900,"Before 1991","1950 or older"
"0401 00150000","R-10","R - Single Family/Cabin","326  PENNSYLVANIA AVE","Avondale",1860,"Before 1991","1950 or older"
"0401 00160000","R-10","R - Single Family/Cabin","408  PENNSYLVANIA AVE","Avondale",1934,"Before 1991","1950 or older"
"0401 00170000","R-10","R - Single Family/Cabin","410  PENNSYLVANIA AVE","Avondale",1900,"Before 1991","1950 or older"
"0401 00180000","R-10","R - Single Family/Cabin","412  PENNSYLVANIA AVE","Avondale",1900,"Before 1991","1950 or older"
"0401 00190000","R-10","R - Single Family/Cabin","414  PENNSYLVANIA AVE","Avondale",1900,"Before 1991","1950 or older"
"0401 00220000","R-20","R - Two Family","516  PENNSYLVANIA AVE","Avondale",1900,"Before 1991","1950 or older"
"0401 00220100","R-20","R - Two Family","512  PENNSYLVANIA AVE","Avondale",1928,"Before 1991","1950 or older"
"0401 00230000","R-30","R - Multi Family/Dorms/Single","520  PENNSYLVANIA AVE","Avondale",1900,"Before 1991","1950 or older"
"0401 00240000","R-10","R - Single Family/Cabin","522  PENNSYLVANIA AVE","Avondale",1946,"Before 1991","1950 or older"
"0401 00250000","R-10","R - Single Family/Cabin","524  PENNSYLVANIA AVE","Avondale",1920,"Before 1991","1950 or older"
"0401 00260000","R-10","R - Single Family/Cabin","525  PENNSYLVANIA AVE","Avondale",1898,"Before 1991","1950 or older"
"0401 00270000","R-10","R - Single Family/Cabin","523  PENNSYLVANIA AVE","Avondale",1900,"Before 1991","1950 or older"
"0401 00280000","R-10","R - Single Family/Cabin","517  PENNSYLVANIA AVE","Avondale",1920,"Before 1991","1950 or older"
"0401 00290000","R-10","R - Single Family/Cabin","513  PENNSYLVANIA AVE","Avondale",1900,"Before 1991","1950 or older"
"0401 00300000","R-10","R - Single Family/Cabin","507  PENNSYLVANIA AVE","Avondale",1900,"Before 1991","1950 or older"
"0401 00310000","R-10","R - Single Family/Cabin","505  PENNSYLVANIA AVE","Avondale",1900,"Before 1991","1950 or older"
"0401 00320000","R-10","R - Single Family/Cabin","501  PENNSYLVANIA AVE","Avondale",1900,"Before 1991","1950 or older"
"0401 00330000","R-10","R - Single Family/Cabin","502  CHATHAM ST","Avondale",1920,"Before 1991","1950 or older"
"0401 00340000","R-10","R - Single Family/Cabin","502  CHATHAM ST","Avondale",1920,"Before 1991","1950 or older"
"0401 00350000","R-10","R - Single Family/Cabin","504  CHATHAM ST","Avondale",1962,"Before 1991","1961-1970"
"0401 00360000","R-10","R - Single Family/Cabin","506  CHATHAM ST","Avondale",1953,"Before 1991","1951-1960"
"0401 00370000","R-10","R - Single Family/Cabin","508  CHATHAM ST","Avondale",1955,"Before 1991","1951-1960"
"0401 00380000","R-10","R - Single Family/Cabin","510  CHATHAM ST","Avondale",1948,"Before 1991","1950 or older"
"0401 00390000","R-10","R - Single Family/Cabin","512  CHATHAM ST","Avondale",1950,"Before 1991","1950 or older"
"0401 00400000","R-30","R - Multi Family/Dorms/Single","419  PENNSYLVANIA AVE","Avondale",1910,"Before 1991","1950 or older"
"0401 00420000","R-20","R - Two Family","413  PENNSYLVANIA AVE","Avondale",1920,"Before 1991","1950 or older"
"0401 00430000","R-20","R - Two Family","411  PENNSYLVANIA AVE","Avondale",1920,"Before 1991","1950 or older"
"0401 00440000","R-20","R - Two Family","401  PENNSYLVANIA AVE","Avondale",1900,"Before 1991","1950 or older"
"0401 00450000","R-10","R - Single Family/Cabin","400  CHATHAM ST","Avondale",1900,"Before 1991","1950 or older"
"0401 00460000","R-10","R - Single Family/Cabin","412  CHATHAM ST","Avondale",1926,"Before 1991","1950 or older"
"0401 00470000","R-20","R - Two Family","420  CHATHAM ST","Avondale",1900,"Before 1991","1950 or older"
"0401 00470000","R-20","R - Two Family","420  CHATHAM ST","Avondale",1900,"Before 1991","1950 or older"
"0401 00490000","R-10","R - Single Family/Cabin","401  CHATHAM ST","Avondale",1925,"Before 1991","1950 or older"
"0401 00500000","R-10","R - Single Family/Cabin","200  FOURTH ST","Avondale",1959,"Before 1991","1951-1960"
"0401 00510000","R-10","R - Single Family/Cabin","400  NEW ST","Avondale",1977,"Before 1991","1971-1980"
"0401 00510200","R-10","R - Single Family/Cabin","402  NEW ST","Avondale",1977,"Before 1991","1971-1980"
"0401 00520000","R-10","R - Single Family/Cabin","319  PENNSYLVANIA AVE","Avondale",1900,"Before 1991","1950 or older"
"0401 00530000","R-10","R - Single Family/Cabin","317  PENNSYLVANIA AVE","Avondale",1900,"Before 1991","1950 or older"
"0401 00540000","R-20","R - Two Family","315  PENNSYLVANIA AVE","Avondale",1900,"Before 1991","1950 or older"
"0401 00550000","R-10","R - Single Family/Cabin","305  PENNSYLVANIA AVE","Avondale",1900,"Before 1991","1950 or older"
"0401 00560000","R-60","R - Dwelling W/Comm Use Primary R","301  PENNSYLVANIA AVE","Avondale",1887,"Before 1991","1950 or older"
"0401 00570000","R-10","R - Single Family/Cabin","300  CHATHAM ST","Avondale",1900,"Before 1991","1950 or older"
"0401 00580000","R-10","R - Single Family/Cabin","302  CHATHAM ST","Avondale",1900,"Before 1991","1950 or older"
"0401 00590000","R-10","R - Single Family/Cabin","306  CHATHAM ST","Avondale",1900,"Before 1991","1950 or older"
"0401 00600000","R-10","R - Single Family/Cabin","318  CHATHAM ST","Avondale",1900,"Before 1991","1950 or older"
"0401 00600100","R-10","R - Single Family/Cabin","316  CHATHAM ST","Avondale",1900,"Before 1991","1950 or older"
"0401 00610000","R-10","R - Single Family/Cabin","101 E FOURTH ST","Avondale",1900,"Before 1991","1950 or older"
"0401 00620000","R-10","R - Single Family/Cabin","320  CHATHAM ST","Avondale",1922,"Before 1991","1950 or older"
"0401 00630000","R-10","R - Single Family/Cabin","319  CHATHAM ST","Avondale",1930,"Before 1991","1950 or older"
"0401 00640000","R-10","R - Single Family/Cabin","315  CHATHAM ST","Avondale",1900,"Before 1991","1950 or older"
"0401 00660000","R-10","R - Single Family/Cabin","301  CHATHAM ST","Avondale",1900,"Before 1991","1950 or older"
"0401 00670000","R-10","R - Single Family/Cabin","201 E THIRD ST","Avondale",1900,"Before 1991","1950 or older"
"0401 00680000","R-10","R - Single Family/Cabin","316  NEW ST","Avondale",1900,"Before 1991","1950 or older"
"0401 00690000","R-10","R - Single Family/Cabin","300  NEW ST","Avondale",1900,"Before 1991","1950 or older"
"0401 00700000","R-10","R - Single Family/Cabin","501  CHATHAM ST","Avondale",1908,"Before 1991","1950 or older"
"0401 00720000","R-10","R - Single Family/Cabin","315  NEW ST","Avondale",1900,"Before 1991","1950 or older"
"0401 00730000","R-10","R - Single Family/Cabin","301 E THIRD ST","Avondale",1900,"Before 1991","1950 or older"
"0401 00740000","R-10","R - Single Family/Cabin","303 E THIRD ST","Avondale",1900,"Before 1991","1950 or older"
"0401 00750000","R-10","R - Single Family/Cabin","307  THIRD ST","Avondale",1900,"Before 1991","1950 or older"
"0401 00750100","R-10","R - Single Family/Cabin","305 E THIRD ST","Avondale",1958,"Before 1991","1951-1960"
"0401 00760000","R-10","R - Single Family/Cabin","311 E THIRD ST","Avondale",1900,"Before 1991","1950 or older"
"0401 00770100","R-10","R - Single Family/Cabin","101  GARNER DR","Avondale",2010,"1991 or Later","2001-2010"
"0401 00770200","R-10","R - Single Family/Cabin","103  GARNER DR","Avondale",2010,"1991 or Later","2001-2010"
"0401 00770300","R-10","R - Single Family/Cabin","105  GARNER DR","Avondale",2010,"1991 or Later","2001-2010"
"0401 00770400","R-10","R - Single Family/Cabin","107  GARNER DR","Avondale",2010,"1991 or Later","2001-2010"
"0401 00770500","R-10","R - Single Family/Cabin","109  GARNER DR","Avondale",2010,"1991 or Later","2001-2010"
"0401 00770600","R-10","R - Single Family/Cabin","111  GARNER DR","Avondale",2012,"1991 or Later","2011-2022"
"0401 00770700","R-10","R - Single Family/Cabin","113  GARNER DR","Avondale",2009,"1991 or Later","2001-2010"
"0401 00770800","R-10","R - Single Family/Cabin","115  GARNER DR","Avondale",2009,"1991 or Later","2001-2010"
"0401 00770900","R-10","R - Single Family/Cabin","117  GARNER DR","Avondale",2010,"1991 or Later","2001-2010"
"0401 00771000","R-10","R - Single Family/Cabin","119  GARNER DR","Avondale",2010,"1991 or Later","2001-2010"
"0401 00771100","R-10","R - Single Family/Cabin","127  GARNER DR","Avondale",2011,"1991 or Later","2011-2022"
"0401 00771200","R-10","R - Single Family/Cabin","129  GARNER DR","Avondale",2010,"1991 or Later","2001-2010"
"0401 00771300","R-10","R - Single Family/Cabin","131  GARNER DR","Avondale",2010,"1991 or Later","2001-2010"
"0401 00771400","R-10","R - Single Family/Cabin","133  GARNER DR","Avondale",2010,"1991 or Later","2001-2010"
"0401 00771500","R-10","R - Single Family/Cabin","135  GARNER DR","Avondale",2011,"1991 or Later","2011-2022"
"0401 00771600","R-10","R - Single Family/Cabin","137  GARNER DR","Avondale",2011,"1991 or Later","2011-2022"
"0401 00771700","R-10","R - Single Family/Cabin","139  GARNER DR","Avondale",2010,"1991 or Later","2001-2010"
"0401 00771800","R-10","R - Single Family/Cabin","141  GARNER DR","Avondale",2010,"1991 or Later","2001-2010"
"0401 00771900","R-10","R - Single Family/Cabin","145  GARNER DR","Avondale",2011,"1991 or Later","2011-2022"
"0401 00772000","R-10","R - Single Family/Cabin","147  GARNER DR","Avondale",2011,"1991 or Later","2011-2022"
"0401 00772100","R-10","R - Single Family/Cabin","149  GARNER DR","Avondale",2011,"1991 or Later","2011-2022"
"0401 00772200","R-10","R - Single Family/Cabin","151  GARNER DR","Avondale",2011,"1991 or Later","2011-2022"
"0401 00772400","R-10","R - Single Family/Cabin","202  MULLEN DR","Avondale",2010,"1991 or Later","2001-2010"
"0401 00772500","R-10","R - Single Family/Cabin","204  MULLEN DR","Avondale",2010,"1991 or Later","2001-2010"
"0401 00772600","R-10","R - Single Family/Cabin","206  MULLEN DR","Avondale",2010,"1991 or Later","2001-2010"
"0401 00772700","R-10","R - Single Family/Cabin","208  MULLEN DR","Avondale",2011,"1991 or Later","2011-2022"
"0401 00772800","R-10","R - Single Family/Cabin","210  MULLEN DR","Avondale",2011,"1991 or Later","2011-2022"
"0401 00772900","R-10","R - Single Family/Cabin","212  MULLEN DR","Avondale",2011,"1991 or Later","2011-2022"
"0401 00773000","R-10","R - Single Family/Cabin","214  MULLEN DR","Avondale",2011,"1991 or Later","2011-2022"
"0401 00773100","R-10","R - Single Family/Cabin","216  MULLEN DR","Avondale",2011,"1991 or Later","2011-2022"
"0401 00773200","R-10","R - Single Family/Cabin","218  MULLEN DR","Avondale",2011,"1991 or Later","2011-2022"
"0401 00773300","R-10","R - Single Family/Cabin","222  MULLEN DR","Avondale",2011,"1991 or Later","2011-2022"
"0401 00773400","R-10","R - Single Family/Cabin","224  MULLEN DR","Avondale",2011,"1991 or Later","2011-2022"
"0401 00773500","R-10","R - Single Family/Cabin","226  MULLEN DR","Avondale",2012,"1991 or Later","2011-2022"
"0401 00773600","R-10","R - Single Family/Cabin","228  MULLEN DR","Avondale",2011,"1991 or Later","2011-2022"
"0401 00773700","R-10","R - Single Family/Cabin","232  MULLEN DR","Avondale",2012,"1991 or Later","2011-2022"
"0401 00773800","R-10","R - Single Family/Cabin","234  MULLEN DR","Avondale",2012,"1991 or Later","2011-2022"
"0401 00773900","R-10","R - Single Family/Cabin","236  MULLEN DR","Avondale",2012,"1991 or Later","2011-2022"
"0401 00774000","R-10","R - Single Family/Cabin","238  MULLEN DR","Avondale",2012,"1991 or Later","2011-2022"
"0401 00774100","R-10","R - Single Family/Cabin","203  MULLEN DR","Avondale",2009,"1991 or Later","2001-2010"
"0401 00774200","R-10","R - Single Family/Cabin","205  MULLEN DR","Avondale",2009,"1991 or Later","2001-2010"
"0401 00774300","R-10","R - Single Family/Cabin","207  MULLEN DR","Avondale",2009,"1991 or Later","2001-2010"
"0401 00774400","R-10","R - Single Family/Cabin","209  MULLEN DR","Avondale",2010,"1991 or Later","2001-2010"
"0401 00774500","R-10","R - Single Family/Cabin","227  MULLEN DR","Avondale",2012,"1991 or Later","2011-2022"
"0401 00774600","R-10","R - Single Family/Cabin","229  MULLEN DR","Avondale",2012,"1991 or Later","2011-2022"
"0401 00774700","R-10","R - Single Family/Cabin","231  MULLEN DR","Avondale",2012,"1991 or Later","2011-2022"
"0401 00774800","R-10","R - Single Family/Cabin","233  MULLEN DR","Avondale",2011,"1991 or Later","2011-2022"
"0401 00774900","R-10","R - Single Family/Cabin","235  MULLEN DR","Avondale",2012,"1991 or Later","2011-2022"
"0401 00775000","R-10","R - Single Family/Cabin","237  MULLEN DR","Avondale",2012,"1991 or Later","2011-2022"
"0401 00775100","R-10","R - Single Family/Cabin","162  GARNER DR","Avondale",2013,"1991 or Later","2011-2022"
"0401 00775200","R-10","R - Single Family/Cabin","160  GARNER DR","Avondale",2013,"1991 or Later","2011-2022"
"0401 00775300","R-10","R - Single Family/Cabin","158  GARNER DR","Avondale",2013,"1991 or Later","2011-2022"
"0401 00775500","R-10","R - Single Family/Cabin","315 E THIRD ST","Avondale",2010,"1991 or Later","2001-2010"
"0401 00775600","R-10","R - Single Family/Cabin","319 E THIRD ST","Avondale",2010,"1991 or Later","2001-2010"
"0401 00775700","R-10","R - Single Family/Cabin","321 E THIRD ST","Avondale",2010,"1991 or Later","2001-2010"
"0401 00775800","R-10","R - Single Family/Cabin","164  GARNER DR","Avondale",2013,"1991 or Later","2011-2022"
"0401 00800000","R-10","R - Single Family/Cabin","317 E THIRD ST","Avondale",1958,"Before 1991","1951-1960"
"0401 00900100","R-10","R - Single Family/Cabin","426  MINOR ST","Avondale",1957,"Before 1991","1951-1960"
"0401 00900200","R-10","R - Single Family/Cabin","424  MINOR ST","Avondale",1979,"Before 1991","1971-1980"
"0401 00900300","R-10","R - Single Family/Cabin","422  MINOR ST","Avondale",1979,"Before 1991","1971-1980"
"0401 00900400","R-10","R - Single Family/Cabin","420  MINOR ST","Avondale",1965,"Before 1991","1961-1970"
"0401 00910000","R-10","R - Single Family/Cabin","428  MINOR ST","Avondale",1956,"Before 1991","1951-1960"
"0401 00920000","R-10","R - Single Family/Cabin","430  MINOR ST","Avondale",1955,"Before 1991","1951-1960"
"0401 00930000","R-10","R - Single Family/Cabin","432  MINOR ST","Avondale",1958,"Before 1991","1951-1960"
"0401 00940000","R-10","R - Single Family/Cabin","402  CHURCH RD","Avondale",1900,"Before 1991","1950 or older"
"0401 00970000","R-10","R - Single Family/Cabin","403  CHURCH ST","Avondale",1817,"Before 1991","1950 or older"
"0401 00980000","R-10","R - Single Family/Cabin","401  CHURCH ST","Avondale",1900,"Before 1991","1950 or older"
"0401 00990000","R-10","R - Single Family/Cabin","325  CHURCH ST","Avondale",2016,"1991 or Later","2011-2022"
"0401 01000100","R-10","R - Single Family/Cabin","321  CHURCH ST","Avondale",1986,"Before 1991","1981-1990"
"0401 01020000","R-10","R - Single Family/Cabin","317  CHURCH ST","Avondale",1991,"1991 or Later","1991-2000"
"0401 01030100","R-10","R - Single Family/Cabin","313  CHURCH ST","Avondale",1920,"Before 1991","1950 or older"
"0401 01040000","R-10","R - Single Family/Cabin","311  CHURCH ST","Avondale",1900,"Before 1991","1950 or older"
"0401 01050000","R-20","R - Two Family","307  CHURCH ST","Avondale",1900,"Before 1991","1950 or older"
"0401 01070000","R-10","R - Single Family/Cabin","301  CHURCH ST","Avondale",1900,"Before 1991","1950 or older"
"0401 01070100","R-20","R - Two Family","401 E THIRD ST","Avondale",1950,"Before 1991","1950 or older"
"0401 01080000","R-10","R - Single Family/Cabin","14 W THIRD ST","Avondale",1900,"Before 1991","1950 or older"
"0401 01080100","R-10","R - Single Family/Cabin","16 W THIRD ST","Avondale",1959,"Before 1991","1951-1960"
"0401 01090000","R-10","R - Single Family/Cabin","220  PENNSYLVANIA AVE","Avondale",1890,"Before 1991","1950 or older"
"0401 01100000","R-60","R - Dwelling W/Comm Use Primary R","218  PENNSYLVANIA AVE","Avondale",1876,"Before 1991","1950 or older"
"0401 01110000","R-60","R - Dwelling W/Comm Use Primary R","214  PENNSYLVANIA AVE","Avondale",1898,"Before 1991","1950 or older"
"0401 01120100","R-10","R - Single Family/Cabin","15 W SECOND ST","Avondale",1959,"Before 1991","1951-1960"
"0401 01120200","R-40","A - Aparments (4-19 Units)","208  PENNSYLVANIA AVE","Avondale",1890,"Before 1991","1950 or older"
"0401 01130000","R-10","R - Single Family/Cabin","19 W SECOND ST","Avondale",1950,"Before 1991","1950 or older"
"0401 01140000","R-10","R - Single Family/Cabin","200  PENNSYLVANIA AVE","Avondale",1947,"Before 1991","1950 or older"
"0401 01150000","R-61","C - Dwelling W/Comm Use Primary C","201  PENNSYLVANIA AVE","Avondale",1910,"Before 1991","1950 or older"
"0401 01160000","R-10","R - Single Family/Cabin","207  PENNSYLVANIA AVE","Avondale",1900,"Before 1991","1950 or older"
"0401 01170000","R-10","R - Single Family/Cabin","211  PENNSYLVANIA AVE","Avondale",1900,"Before 1991","1950 or older"
"0401 01180000","R-40","A - Aparments (4-19 Units)","215  PENNSYLVANIA AVE","Avondale",1887,"Before 1991","1950 or older"
"0401 01210000","R-20","R - Two Family","214  CHATHAM ST","Avondale",1900,"Before 1991","1950 or older"
"0401 01220000","R-10","R - Single Family/Cabin","210  CHATHAM ST","Avondale",1900,"Before 1991","1950 or older"
"0401 01230000","R-10","R - Single Family/Cabin","202  CHATHAM ST","Avondale",1900,"Before 1991","1950 or older"
"0401 01240000","R-10","R - Single Family/Cabin","200  CHATHAM ST","Avondale",1900,"Before 1991","1950 or older"
"0401 01250000","R-10","R - Single Family/Cabin","201  CHATHAM ST","Avondale",1900,"Before 1991","1950 or older"
"0401 01260000","R-10","R - Single Family/Cabin","203  CHATHAM ST","Avondale",1900,"Before 1991","1950 or older"
"0401 01270000","R-10","R - Single Family/Cabin","209  CHATHAM ST","Avondale",1900,"Before 1991","1950 or older"
"0401 01280000","R-10","R - Single Family/Cabin","213  CHATHAM ST","Avondale",1900,"Before 1991","1950 or older"
"0401 01290000","R-10","R - Single Family/Cabin","215  CHATHAM ST","Avondale",1900,"Before 1991","1950 or older"
"0401 01300000","R-10","R - Single Family/Cabin","219  CHATHAM ST","Avondale",1890,"Before 1991","1950 or older"
"0401 01310000","R-10","R - Single Family/Cabin","223  CHATHAM ST","Avondale",1900,"Before 1991","1950 or older"
"0401 01320000","R-10","R - Single Family/Cabin","202 E THIRD ST","Avondale",1900,"Before 1991","1950 or older"
"0401 01330000","R-10","R - Single Family/Cabin","216  NEW ST","Avondale",1900,"Before 1991","1950 or older"
"0401 01340000","R-10","R - Single Family/Cabin","212  NEW ST","Avondale",1900,"Before 1991","1950 or older"
"0401 01370000","R-10","R - Single Family/Cabin","202  HOOPES ALY","Avondale",1920,"Before 1991","1950 or older"
"0401 01380000","R-10","R - Single Family/Cabin","132  PENNSYLVANIA AVE","Avondale",1870,"Before 1991","1950 or older"
"0401 01390000","R-10","R - Single Family/Cabin","126  PENNSYLVANIA AVE","Avondale",1900,"Before 1991","1950 or older"
"0401 01490000","R-20","R - Two Family","125  PENNSYLVANIA AVE","Avondale",1900,"Before 1991","1950 or older"
"0401 01500000","R-40","A - Aparments (4-19 Units)","129  PENNSYLVANIA AVE","Avondale",1915,"Before 1991","1950 or older"
"0401 01510000","R-10","R - Single Family/Cabin","131  PENNSYLVANIA AVE","Avondale",1900,"Before 1991","1950 or older"
"0401 01520000","R-10","R - Single Family/Cabin","120 E SECOND ST","Avondale",1900,"Before 1991","1950 or older"
"0401 01530000","R-10","R - Single Family/Cabin","118  CHATHAM ST","Avondale",1900,"Before 1991","1950 or older"
"0401 01560000","R-10","R - Single Family/Cabin","121  MORRIS ST","Avondale",1900,"Before 1991","1950 or older"
"0401 01570000","R-10","R - Single Family/Cabin","104  CHATHAM ST","Avondale",1900,"Before 1991","1950 or older"
"0401 01570000","R-10","R - Single Family/Cabin","104  CHATHAM ST","Avondale",1900,"Before 1991","1950 or older"
"0401 01610000","R-20","R - Two Family","94  PENNSYLVANIA AVE","Avondale",1900,"Before 1991","1950 or older"
"0401 01620000","R-10","R - Single Family/Cabin","204  CHURCH ST","Avondale",1986,"Before 1991","1981-1990"
"0401 01640000","R-40","A - Aparments (4-19 Units)","91  PENNSYLVANIA AVE","Avondale",1900,"Before 1991","1950 or older"
"0401 01690000","R-10","R - Single Family/Cabin","105  CHATHAM ST","Avondale",1900,"Before 1991","1950 or older"
"0401 01700000","R-30","R - Multi Family/Dorms/Single","107  CHATHAM ST","Avondale",1900,"Before 1991","1950 or older"
"0401 01710000","R-10","R - Single Family/Cabin","109  CHATHAM ST","Avondale",1900,"Before 1991","1950 or older"
"0401 01720000","R-10","R - Single Family/Cabin","111  CHATHAM ST","Avondale",1900,"Before 1991","1950 or older"
"0401 01730000","R-10","R - Single Family/Cabin","113  CHATHAM ST","Avondale",2018,"1991 or Later","2011-2022"
"0401 01740000","R-10","R - Single Family/Cabin","121  CHATHAM ST","Avondale",1850,"Before 1991","1950 or older"
"0401 01750000","R-10","R - Single Family/Cabin","123  CHATHAM ST","Avondale",1850,"Before 1991","1950 or older"
"0401 01760000","R-10","R - Single Family/Cabin","125  CHATHAM ST","Avondale",1850,"Before 1991","1950 or older"
"0401 01770000","R-10","R - Single Family/Cabin","218 E SECOND ST","Avondale",1850,"Before 1991","1950 or older"
"0401 01780000","R-10","R - Single Family/Cabin","220 E SECOND ST","Avondale",1956,"Before 1991","1951-1960"
"0401 01790000","R-10","R - Single Family/Cabin","222 E SECOND ST","Avondale",1923,"Before 1991","1950 or older"
"0401 01810100","R-90","A - Apt Complex (20 or more units","202  FIRST ST","Avondale",1973,"Before 1991","1971-1980"
"0401 01820000","R-10","R - Single Family/Cabin","203  NEW ST","Avondale",1900,"Before 1991","1950 or older"
"0401 01830000","R-10","R - Single Family/Cabin","205  NEW ST","Avondale",1900,"Before 1991","1950 or older"
"0401 01840000","R-10","R - Single Family/Cabin","207  NEW ST","Avondale",1900,"Before 1991","1950 or older"
"0401 01850000","R-10","R - Single Family/Cabin","215  NEW ST","Avondale",1900,"Before 1991","1950 or older"
"0401 01850100","R-10","R - Single Family/Cabin","217  NEW ST","Avondale",1900,"Before 1991","1950 or older"
"0401 01860000","R-20","R - Two Family","221  NEW ST","Avondale",1864,"Before 1991","1950 or older"
"0401 01870000","R-10","R - Single Family/Cabin","225  NEW ST","Avondale",1870,"Before 1991","1950 or older"
"0401 01880000","R-10","R - Single Family/Cabin","302 E THIRD ST","Avondale",1880,"Before 1991","1950 or older"
"0401 01890000","R-10","R - Single Family/Cabin","304 E THIRD ST","Avondale",1860,"Before 1991","1950 or older"
"0401 01900000","R-20","R - Two Family","306 E THIRD ST","Avondale",1900,"Before 1991","1950 or older"
"0401 01910000","R-10","R - Single Family/Cabin","314 E THIRD ST","Avondale",1900,"Before 1991","1950 or older"
"0401 01920000","R-10","R - Single Family/Cabin","312 E THIRD ST","Avondale",1984,"Before 1991","1981-1990"
"0401 01930000","R-10","R - Single Family/Cabin","318 E THIRD ST","Avondale",1910,"Before 1991","1950 or older"
"0401 01940000","R-10","R - Single Family/Cabin","248  CHURCH ST","Avondale",1896,"Before 1991","1950 or older"
"0401 01950000","R-10","R - Single Family/Cabin","246  CHURCH ST","Avondale",1886,"Before 1991","1950 or older"
"0401 01950000","R-10","R - Single Family/Cabin","246  CHURCH ST","Avondale",1981,"Before 1991","1981-1990"
"0401 01970100","R-10","R - Single Family/Cabin","242  CHURCH ST","Avondale",1992,"1991 or Later","1991-2000"
"0401 01980000","R-10","R - Single Family/Cabin","240  CHURCH ST","Avondale",1920,"Before 1991","1950 or older"
"0401 01990000","R-10","R - Single Family/Cabin","238  CHURCH ST","Avondale",1968,"Before 1991","1961-1970"
"0401 02050000","R-10","R - Single Family/Cabin","214  CHURCH ST","Avondale",1985,"Before 1991","1981-1990"
"0401 02100000","R-10","R - Single Family/Cabin","410 E THIRD ST","Avondale",1955,"Before 1991","1951-1960"
"0401 02110000","R-10","R - Single Family/Cabin","237  CHURCH ST","Avondale",1900,"Before 1991","1950 or older"
"0401 02130000","R-10","R - Single Family/Cabin","223  CHURCH ST","Avondale",1950,"Before 1991","1950 or older"
"0401 02140000","R-10","R - Single Family/Cabin","221  CHURCH ST","Avondale",1900,"Before 1991","1950 or older"
"0402 00040000","R-10","R - Single Family/Cabin","405  MAPLE ST","Avondale",2013,"1991 or Later","2011-2022"
"0402 00050000","R-10","R - Single Family/Cabin","521  HENSON ST","Avondale",1900,"Before 1991","1950 or older"
"0402 00060000","R-10","R - Single Family/Cabin","519  HENSON ST","Avondale",1940,"Before 1991","1950 or older"
"0402 00070000","R-10","R - Single Family/Cabin","515  HENSON ST","Avondale",1957,"Before 1991","1951-1960"
"0402 00080000","R-10","R - Single Family/Cabin","511  HENSON ST","Avondale",1957,"Before 1991","1951-1960"
"0402 00100000","R-10","R - Single Family/Cabin","409 E THIRD ST","Avondale",1987,"Before 1991","1981-1990"
"0402 00120000","R-10","R - Single Family/Cabin","413  THOMPSON ST","Avondale",1979,"Before 1991","1971-1980"
"0402 00120100","R-10","R - Single Family/Cabin","605  POPLAR ST","Avondale",1962,"Before 1991","1961-1970"
"0402 00120200","R-10","R - Single Family/Cabin","601  POPLAR ST","Avondale",1961,"Before 1991","1961-1970"
"0402 00120300","R-10","R - Single Family/Cabin","603  POPLAR ST","Avondale",1964,"Before 1991","1961-1970"
"0402 00120400","R-10","R - Single Family/Cabin","604  POPLAR ST","Avondale",1965,"Before 1991","1961-1970"
"0402 001205A0","R-10","R - Single Family/Cabin","606  POPLAR ST","Avondale",1971,"Before 1991","1971-1980"
"0402 001205B0","R-10","R - Single Family/Cabin","602  POPLAR ST","Avondale",1965,"Before 1991","1961-1970"
"0403 00010100","R-10","R - Single Family/Cabin","231 W STATE ST","Avondale",1900,"Before 1991","1950 or older"
"0403 00020000","R-10","R - Single Family/Cabin","235 W STATE ST","Avondale",1900,"Before 1991","1950 or older"
"0403 00030000","R-10","R - Single Family/Cabin","233 W STATE ST","Avondale",1900,"Before 1991","1950 or older"
"0403 00040000","R-10","R - Single Family/Cabin","141 W STATE ST","Avondale",1900,"Before 1991","1950 or older"
"0403 00060000","R-20","R - Two Family","133 W STATE ST","Avondale",1883,"Before 1991","1950 or older"
"0403 00070000","R-10","R - Single Family/Cabin","129 W STATE ST","Avondale",1900,"Before 1991","1950 or older"
"0403 00080000","R-10","R - Single Family/Cabin","125 W STATE ST","Avondale",1900,"Before 1991","1950 or older"
"0403 00090000","R-10","R - Single Family/Cabin","123 W STATE ST","Avondale",1900,"Before 1991","1950 or older"
"0403 00100000","R-10","R - Single Family/Cabin","2  CLAY CREEK RD","Avondale",1954,"Before 1991","1951-1960"
"0403 00110100","R-10","R - Single Family/Cabin","20  INDIAN RUN RD","Avondale",1967,"Before 1991","1961-1970"
"0403 00110300","R-10","R - Single Family/Cabin","11 N WILLIAMSON RD","Avondale",1979,"Before 1991","1971-1980"
"0403 00110400","R-10","R - Single Family/Cabin","5 N WILLIAMSON RD","Avondale",1979,"Before 1991","1971-1980"
"0403 00110500","R-10","R - Single Family/Cabin","9 N WILLIAMSON RD","Avondale",1979,"Before 1991","1971-1980"
"0403 00110600","R-10","R - Single Family/Cabin","7 N WILLIAMSON RD","Avondale",1979,"Before 1991","1971-1980"
"0403 00110700","R-10","R - Single Family/Cabin","3 N WILLIAMSON RD","Avondale",1979,"Before 1991","1971-1980"
"0403 00110800","R-10","R - Single Family/Cabin","1 N WILLIAMSON RD","Avondale",1979,"Before 1991","1971-1980"
"0403 00110900","R-10","R - Single Family/Cabin","10 N WILLIAMSON RD","Avondale",1984,"Before 1991","1981-1990"
"0403 00111000","R-10","R - Single Family/Cabin","8 N WILLIAMSON RD","Avondale",1984,"Before 1991","1981-1990"
"0403 00111100","R-10","R - Single Family/Cabin","6 N WILLIAMSON RD","Avondale",1985,"Before 1991","1981-1990"
"0403 00111200","R-10","R - Single Family/Cabin","4 N WILLIAMSON RD","Avondale",1985,"Before 1991","1981-1990"
"0403 00111300","R-10","R - Single Family/Cabin","2 N WILLIAMSON RD","Avondale",1985,"Before 1991","1981-1990"
"0403 00111400","R-10","R - Single Family/Cabin","7  MILLER DR","Avondale",1979,"Before 1991","1971-1980"
"0403 00111500","R-10","R - Single Family/Cabin","5  MILLER DR","Avondale",1979,"Before 1991","1971-1980"
"0403 00111600","R-10","R - Single Family/Cabin","3  MILLER DR","Avondale",1986,"Before 1991","1981-1990"
"0403 00111700","R-10","R - Single Family/Cabin","1  MILLER DR","Avondale",1985,"Before 1991","1981-1990"
"0403 00111800","R-10","R - Single Family/Cabin","9  MILLER DR","Avondale",1987,"Before 1991","1981-1990"
"0403 00111900","R-10","R - Single Family/Cabin","11  MILLER DR","Avondale",1987,"Before 1991","1981-1990"
"0403 00112000","R-10","R - Single Family/Cabin","13  MILLER DR","Avondale",1987,"Before 1991","1981-1990"
"0403 00112100","R-10","R - Single Family/Cabin","15  MILLER DR","Avondale",1987,"Before 1991","1981-1990"
"0403 00112200","R-10","R - Single Family/Cabin","17  MILLER DR","Avondale",1987,"Before 1991","1981-1990"
"0403 00112300","R-10","R - Single Family/Cabin","18  MILLER DR","Avondale",1987,"Before 1991","1981-1990"
"0403 00112400","R-10","R - Single Family/Cabin","3  COOK CRT","Avondale",1987,"Before 1991","1981-1990"
"0403 00112500","R-10","R - Single Family/Cabin","5  COOK CRT","Avondale",1987,"Before 1991","1981-1990"
"0403 00112600","R-10","R - Single Family/Cabin","7  COOK CRT","Avondale",1987,"Before 1991","1981-1990"
"0403 00112700","R-10","R - Single Family/Cabin","9  COOK CRT","Avondale",1987,"Before 1991","1981-1990"
"0403 00112800","R-10","R - Single Family/Cabin","14  COOK CRT","Avondale",1987,"Before 1991","1981-1990"
"0403 00112900","R-10","R - Single Family/Cabin","12  COOK CRT","Avondale",1987,"Before 1991","1981-1990"
"0403 00113000","R-10","R - Single Family/Cabin","10  COOK CRT","Avondale",1987,"Before 1991","1981-1990"
"0403 00113100","R-10","R - Single Family/Cabin","8  COOK CRT","Avondale",1987,"Before 1991","1981-1990"
"0403 00113200","R-10","R - Single Family/Cabin","6  COOK CRT","Avondale",1987,"Before 1991","1981-1990"
"0403 00113300","R-10","R - Single Family/Cabin","4  COOK CRT","Avondale",1987,"Before 1991","1981-1990"
"0403 00113400","R-10","R - Single Family/Cabin","16  MILLER DR","Avondale",1987,"Before 1991","1981-1990"
"0403 00113500","R-10","R - Single Family/Cabin","14  MILLER DR","Avondale",1987,"Before 1991","1981-1990"
"0403 00113600","R-10","R - Single Family/Cabin","12  MILLER DR","Avondale",1987,"Before 1991","1981-1990"
"0403 00113700","R-10","R - Single Family/Cabin","10  MILLER DR","Avondale",1987,"Before 1991","1981-1990"
"0403 00140000","R-10","R - Single Family/Cabin","12  INDIAN RUN RD","Avondale",2022,"1991 or Later","2011-2022"
"0403 00140100","R-10","R - Single Family/Cabin","14  INDIAN RUN RD","Avondale",1900,"Before 1991","1950 or older"
"0403 00150000","R-10","R - Single Family/Cabin","16  INDIAN RUN RD","Avondale",1958,"Before 1991","1951-1960"
"0403 00160000","R-10","R - Single Family/Cabin","18  INDIAN RUN RD","Avondale",1958,"Before 1991","1951-1960"
"0403 00200000","R-30","R - Multi Family/Dorms/Single","116 W STATE ST","Avondale",1900,"Before 1991","1950 or older"
"0403 00210000","R-10","R - Single Family/Cabin","110 W STATE ST","Avondale",1952,"Before 1991","1951-1960"
"0403 00210100","R-20","R - Two Family","108 W STATE ST","Avondale",1930,"Before 1991","1950 or older"
"0403 00220000","R-10","R - Single Family/Cabin","100 W STATE ST","Avondale",1900,"Before 1991","1950 or older"
"0403 00280100","R-10","R - Single Family/Cabin","20  ELLICOT AVE","Avondale",1960,"Before 1991","1951-1960"
"0403 00340000","R-10","R - Single Family/Cabin","37  GAP NEWPORT PK","Avondale",1926,"Before 1991","1950 or older"
"0403 00350000","R-10","R - Single Family/Cabin","38  GAP NEWPORT PK","Avondale",1917,"Before 1991","1950 or older"
"0403 00370100","R-60","R - Dwelling W/Comm Use Primary R","23  ELLICOT AVE","Avondale",1730,"Before 1991","1950 or older"
"0404 00030000","R-20","R - Two Family","33  GAP NEWPORT PK","Avondale",1900,"Before 1991","1950 or older"
"0404 00040000","R-10","R - Single Family/Cabin","26  PENNSYLVANIA AVE","Avondale",1930,"Before 1991","1950 or older"
"0404 00050000","R-10","R - Single Family/Cabin","34  GAP NEWPORT PK","Avondale",1900,"Before 1991","1950 or older"
"0404 00060000","R-10","R - Single Family/Cabin","32  GAP NEWPORT PK","Avondale",1900,"Before 1991","1950 or older"
"0404 00070000","R-10","R - Single Family/Cabin","30  GAP NEWPORT PK","Avondale",1900,"Before 1991","1950 or older"
"0404 00080000","R-40","A - Aparments (4-19 Units)","26  GAP NEWPORT PK","Avondale",1930,"Before 1991","1950 or older"
"0404 00080100","R-10","R - Single Family/Cabin","28  GAP NEWPORT PK","Avondale",1978,"Before 1991","1971-1980"
"0401 01350000","R-70","R - Mobile Home","206  NEW ST","Avondale",NA,NA,NA
"0401 0135000T","T-10","R - Trailers and Mobile Homes","206  NEW ST","Avondale",NA,NA,NA
"0402 00090000","R-70","R - Mobile Home","509  HENSON ST","Avondale",NA,NA,NA
"0402 00120500","R-70","R - Mobile Home","403  THOMPSON ST","Avondale",NA,NA,NA
"0402 00160000","R-70","R - Mobile Home","THOMPSON ST","Avondale",NA,NA,NA
"0403 00130000","R-70","R - Mobile Home","200 W STATE ST","Avondale",NA,NA,NA
