"PARID","LUC","LUC_desc","situs","NAME","year","if1991","yearGroup"
"0501 00020000","R-10","R - Single Family/Cabin","295 W HARMONY RD","West Grove",1940,"Before 1991","1950 or older"
"0502 00010000","R-10","R - Single Family/Cabin","62  FROG HOLLOW LN","West Grove",1989,"Before 1991","1981-1990"
"0502 00020000","R-10","R - Single Family/Cabin","60  FROG HOLLOW LN","West Grove",1992,"1991 or Later","1991-2000"
"0502 00020200","R-10","R - Single Family/Cabin","58  FROG HOLLOW LN","West Grove",1890,"Before 1991","1950 or older"
"0502 00030000","R-10","R - Single Family/Cabin","50  FROG HOLLOW LN","West Grove",1957,"Before 1991","1951-1960"
"0502 00040000","R-10","R - Single Family/Cabin","12  FRIENDS DR","West Grove",2006,"1991 or Later","2001-2010"
"0502 00040100","R-10","R - Single Family/Cabin","8  FRIENDS DR","West Grove",2005,"1991 or Later","2001-2010"
"0502 00040200","R-10","R - Single Family/Cabin","10  FRIENDS DR","West Grove",2004,"1991 or Later","2001-2010"
"0502 00040300","R-10","R - Single Family/Cabin","14  FRIENDS DR","West Grove",2005,"1991 or Later","2001-2010"
"0502 00050000","R-10","R - Single Family/Cabin","113 E HARMONY RD","West Grove",1920,"Before 1991","1950 or older"
"0502 00060000","R-10","R - Single Family/Cabin","121 E HARMONY RD","West Grove",1900,"Before 1991","1950 or older"
"0502 00070000","R-10","R - Single Family/Cabin","123 E HARMONY RD","West Grove",1900,"Before 1991","1950 or older"
"0502 00080000","R-10","R - Single Family/Cabin","125 E HARMONY RD","West Grove",1950,"Before 1991","1950 or older"
"0502 00090000","R-10","R - Single Family/Cabin","127 E HARMONY RD","West Grove",1950,"Before 1991","1950 or older"
"0502 00100100","R-10","R - Single Family/Cabin","129 E HARMONY RD","West Grove",1940,"Before 1991","1950 or older"
"0502 00120000","R-10","R - Single Family/Cabin","165 E HARMONY RD","West Grove",1890,"Before 1991","1950 or older"
"0502 00130000","R-10","R - Single Family/Cabin","50  MEETINGHOUSE RD","West Grove",1946,"Before 1991","1950 or older"
"0502 00140000","R-10","R - Single Family/Cabin","211  CHATHAM ST","West Grove",1900,"Before 1991","1950 or older"
"0502 00170000","R-10","R - Single Family/Cabin","213  CHATHAM ST","West Grove",1955,"Before 1991","1951-1960"
"0502 00190000","R-10","R - Single Family/Cabin","200  CHATHAM ST","West Grove",1920,"Before 1991","1950 or older"
"0502 00220000","R-10","R - Single Family/Cabin","275 E EVERGREEN ST","West Grove",1919,"Before 1991","1950 or older"
"0502 00230000","R-10","R - Single Family/Cabin","255 E EVERGREEN ST","West Grove",1910,"Before 1991","1950 or older"
"0502 00240000","R-10","R - Single Family/Cabin","249 E EVERGREEN ST","West Grove",1917,"Before 1991","1950 or older"
"0502 00240100","R-10","R - Single Family/Cabin","233 E EVERGREEN ST","West Grove",1940,"Before 1991","1950 or older"
"0502 00270000","R-10","R - Single Family/Cabin","212 E EVERGREEN ST","West Grove",1940,"Before 1991","1950 or older"
"0502 00300000","R-10","R - Single Family/Cabin","135  CHATHAM ST","West Grove",1954,"Before 1991","1951-1960"
"0502 00310000","R-10","R - Single Family/Cabin","230 E EVERGREEN ST","West Grove",1960,"Before 1991","1951-1960"
"0502 00320000","R-10","R - Single Family/Cabin","236 E EVERGREEN ST","West Grove",1870,"Before 1991","1950 or older"
"0502 00320100","R-10","R - Single Family/Cabin","125  CHATHAM ST","West Grove",1960,"Before 1991","1951-1960"
"0502 00360000","R-10","R - Single Family/Cabin","12  JOSEPH PYLE DR","West Grove",1927,"Before 1991","1950 or older"
"0502 00370100","R-10","R - Single Family/Cabin","2  HAINES DR","West Grove",1995,"1991 or Later","1991-2000"
"0502 00370200","R-10","R - Single Family/Cabin","4  HAINES DR","West Grove",1997,"1991 or Later","1991-2000"
"0502 00370300","R-10","R - Single Family/Cabin","6  HAINES DR","West Grove",1997,"1991 or Later","1991-2000"
"0502 00370400","R-10","R - Single Family/Cabin","8  HAINES DR","West Grove",1998,"1991 or Later","1991-2000"
"0502 00370500","R-10","R - Single Family/Cabin","10  HAINES DR","West Grove",1998,"1991 or Later","1991-2000"
"0502 00370600","R-10","R - Single Family/Cabin","12  HAINES DR","West Grove",1996,"1991 or Later","1991-2000"
"0502 00370700","R-10","R - Single Family/Cabin","14  HAINES DR","West Grove",1998,"1991 or Later","1991-2000"
"0502 00370800","R-10","R - Single Family/Cabin","16  HAINES DR","West Grove",1997,"1991 or Later","1991-2000"
"0502 00370900","R-10","R - Single Family/Cabin","18  HAINES DR","West Grove",1998,"1991 or Later","1991-2000"
"0502 00371000","R-10","R - Single Family/Cabin","20  HAINES DR","West Grove",1998,"1991 or Later","1991-2000"
"0502 00371100","R-10","R - Single Family/Cabin","19  HAINES DR","West Grove",1995,"1991 or Later","1991-2000"
"0502 00371200","R-10","R - Single Family/Cabin","17  HAINES DR","West Grove",1997,"1991 or Later","1991-2000"
"0502 00371300","R-10","R - Single Family/Cabin","15  HAINES DR","West Grove",1998,"1991 or Later","1991-2000"
"0502 00371400","R-10","R - Single Family/Cabin","13  HAINES DR","West Grove",1996,"1991 or Later","1991-2000"
"0502 00371500","R-10","R - Single Family/Cabin","11  HAINES DR","West Grove",1996,"1991 or Later","1991-2000"
"0502 00371600","R-10","R - Single Family/Cabin","9  HAINES DR","West Grove",1996,"1991 or Later","1991-2000"
"0502 00371700","R-10","R - Single Family/Cabin","7  HAINES DR","West Grove",1998,"1991 or Later","1991-2000"
"0502 00371800","R-10","R - Single Family/Cabin","5  HAINES DR","West Grove",1996,"1991 or Later","1991-2000"
"0502 00371900","R-10","R - Single Family/Cabin","3  HAINES DR","West Grove",1995,"1991 or Later","1991-2000"
"0502 00372000","R-10","R - Single Family/Cabin","1  HAINES DR","West Grove",1997,"1991 or Later","1991-2000"
"0502 00372100","R-10","R - Single Family/Cabin","2  JOSEPH PYLE DR","West Grove",1989,"Before 1991","1981-1990"
"0502 00372200","R-10","R - Single Family/Cabin","4  JOSEPH PYLE DR","West Grove",1989,"Before 1991","1981-1990"
"0502 00372300","R-10","R - Single Family/Cabin","6  JOSEPH PYLE DR","West Grove",1991,"1991 or Later","1991-2000"
"0502 00372400","R-10","R - Single Family/Cabin","8  JOSEPH PYLE DR","West Grove",1992,"1991 or Later","1991-2000"
"0502 00372500","R-10","R - Single Family/Cabin","10  JOSEPH PYLE DR","West Grove",1993,"1991 or Later","1991-2000"
"0502 00372700","R-10","R - Single Family/Cabin","7  JOSEPH PYLE DR","West Grove",1993,"1991 or Later","1991-2000"
"0502 00372800","R-10","R - Single Family/Cabin","4  FRIENDS DR","West Grove",2004,"1991 or Later","2001-2010"
"0502 00372900","R-10","R - Single Family/Cabin","6  FRIENDS DR","West Grove",1993,"1991 or Later","1991-2000"
"0502 00373000","R-10","R - Single Family/Cabin","5  FRIENDS DR","West Grove",1994,"1991 or Later","1991-2000"
"0502 00373100","R-10","R - Single Family/Cabin","3  FRIENDS DR","West Grove",1991,"1991 or Later","1991-2000"
"0502 00373200","R-10","R - Single Family/Cabin","1  JOSEPH PYLE DR","West Grove",1989,"Before 1991","1981-1990"
"0503 00010000","R-10","R - Single Family/Cabin","296 N GUERNSEY RD","West Grove",1947,"Before 1991","1950 or older"
"0503 00020000","R-10","R - Single Family/Cabin","288 N GUERNSEY RD","West Grove",1950,"Before 1991","1950 or older"
"0503 00030000","R-10","R - Single Family/Cabin","292 N GUERNSEY RD","West Grove",1956,"Before 1991","1951-1960"
"0503 00040000","R-10","R - Single Family/Cabin","284 N GUERNSEY RD","West Grove",1957,"Before 1991","1951-1960"
"0503 00050000","R-10","R - Single Family/Cabin","280 N GUERNSEY RD","West Grove",1955,"Before 1991","1951-1960"
"0503 00060000","R-10","R - Single Family/Cabin","278 N GUERNSEY RD","West Grove",2023,"1991 or Later","2011-2022"
"0503 00070000","R-10","R - Single Family/Cabin","270 N GUERNSEY RD","West Grove",1949,"Before 1991","1950 or older"
"0503 00100000","R-10","R - Single Family/Cabin","260 N GUERNSEY RD","West Grove",1920,"Before 1991","1950 or older"
"0503 00130000","R-10","R - Single Family/Cabin","257 W EVERGREEN ST","West Grove",1928,"Before 1991","1950 or older"
"0503 00150000","R-10","R - Single Family/Cabin","253 W EVERGREEN ST","West Grove",1926,"Before 1991","1950 or older"
"0503 00170000","R-10","R - Single Family/Cabin","251 W EVERGREEN ST","West Grove",1930,"Before 1991","1950 or older"
"0503 00180000","R-10","R - Single Family/Cabin","245 W EVERGREEN ST","West Grove",1900,"Before 1991","1950 or older"
"0503 00190000","R-10","R - Single Family/Cabin","241 W EVERGREEN ST","West Grove",1922,"Before 1991","1950 or older"
"0503 00200000","R-10","R - Single Family/Cabin","250 W EVERGREEN ST","West Grove",1920,"Before 1991","1950 or older"
"0503 00210000","R-10","R - Single Family/Cabin","252 W EVERGREEN ST","West Grove",1900,"Before 1991","1950 or older"
"0503 00220000","R-10","R - Single Family/Cabin","256 W EVERGREEN ST","West Grove",1930,"Before 1991","1950 or older"
"0503 00230000","R-10","R - Single Family/Cabin","258 W EVERGREEN ST","West Grove",1961,"Before 1991","1961-1970"
"0503 00240000","R-10","R - Single Family/Cabin","260 W EVERGREEN ST","West Grove",1930,"Before 1991","1950 or older"
"0503 00250000","R-10","R - Single Family/Cabin","262 W EVERGREEN ST","West Grove",1956,"Before 1991","1951-1960"
"0503 00260000","R-10","R - Single Family/Cabin","264 W EVERGREEN ST","West Grove",1925,"Before 1991","1950 or older"
"0503 00270000","R-61","C - Dwelling W/Comm Use Primary C","101 S GUERNSEY RD","West Grove",1900,"Before 1991","1950 or older"
"0503 00280000","R-20","R - Two Family","115 S GUERNSEY RD","West Grove",1900,"Before 1991","1950 or older"
"0503 00320000","R-10","R - Single Family/Cabin","240  WILLOW ST","West Grove",1966,"Before 1991","1961-1970"
"0503 00580000","R-55","R - Town House (Common Law Condo)","40  FISHER LN","West Grove",2022,"1991 or Later","2011-2022"
"0503 00590000","R-55","R - Town House (Common Law Condo)","42  FISHER LN","West Grove",2022,"1991 or Later","2011-2022"
"0503 00600000","R-55","R - Town House (Common Law Condo)","44  FISHER LN","West Grove",2022,"1991 or Later","2011-2022"
"0503 00610000","R-55","R - Town House (Common Law Condo)","46  FISHER LN","West Grove",2022,"1991 or Later","2011-2022"
"0503 00620000","R-55","R - Town House (Common Law Condo)","48  FISHER LN","West Grove",2022,"1991 or Later","2011-2022"
"0503 00630000","R-55","R - Town House (Common Law Condo)","41  FISHER LN","West Grove",2023,"1991 or Later","2011-2022"
"0503 00640000","R-55","R - Town House (Common Law Condo)","43  FISHER LN","West Grove",2023,"1991 or Later","2011-2022"
"0503 00650000","R-55","R - Town House (Common Law Condo)","45  FISHER LN","West Grove",2023,"1991 or Later","2011-2022"
"0503 00660000","R-55","R - Town House (Common Law Condo)","47  FISHER LN","West Grove",2023,"1991 or Later","2011-2022"
"0503 00670000","R-55","R - Town House (Common Law Condo)","49  FISHER LN","West Grove",2023,"1991 or Later","2011-2022"
"0503 00680000","R-55","R - Town House (Common Law Condo)","50  FISHER LN","West Grove",2020,"1991 or Later","2011-2022"
"0503 00690000","R-55","R - Town House (Common Law Condo)","52  FISHER LN","West Grove",2020,"1991 or Later","2011-2022"
"0503 00700000","R-55","R - Town House (Common Law Condo)","54  FISHER LN","West Grove",2020,"1991 or Later","2011-2022"
"0503 00710000","R-55","R - Town House (Common Law Condo)","56  FISHER LN","West Grove",2020,"1991 or Later","2011-2022"
"0503 00720000","R-55","R - Town House (Common Law Condo)","58  FISHER LN","West Grove",2020,"1991 or Later","2011-2022"
"0504 00010000","R-10","R - Single Family/Cabin","203 W HARMONY RD","West Grove",1953,"Before 1991","1951-1960"
"0504 00020000","R-10","R - Single Family/Cabin","201 W HARMONY RD","West Grove",1930,"Before 1991","1950 or older"
"0504 00030000","R-10","R - Single Family/Cabin","117 W HARMONY RD","West Grove",1927,"Before 1991","1950 or older"
"0504 00040000","R-10","R - Single Family/Cabin","115 W HARMONY RD","West Grove",1900,"Before 1991","1950 or older"
"0504 00060000","R-10","R - Single Family/Cabin","105 W HARMONY RD","West Grove",1930,"Before 1991","1950 or older"
"0504 00070000","R-10","R - Single Family/Cabin","103 W HARMONY RD","West Grove",1912,"Before 1991","1950 or older"
"0504 00080000","R-10","R - Single Family/Cabin","101 W HARMONY RD","West Grove",1912,"Before 1991","1950 or older"
"0504 00090000","R-10","R - Single Family/Cabin","107 E HARMONY RD","West Grove",1925,"Before 1991","1950 or older"
"0504 00100000","R-10","R - Single Family/Cabin","109 E HARMONY RD","West Grove",1878,"Before 1991","1950 or older"
"0504 00110000","R-20","R - Two Family","237 W EVERGREEN ST","West Grove",1937,"Before 1991","1950 or older"
"0504 00120000","R-10","R - Single Family/Cabin","231 W EVERGREEN ST","West Grove",1915,"Before 1991","1950 or older"
"0504 00130000","R-10","R - Single Family/Cabin","229 W EVERGREEN ST","West Grove",1927,"Before 1991","1950 or older"
"0504 00140000","R-10","R - Single Family/Cabin","225 W EVERGREEN ST","West Grove",1912,"Before 1991","1950 or older"
"0504 00150000","R-10","R - Single Family/Cabin","219 W EVERGREEN ST","West Grove",1895,"Before 1991","1950 or older"
"0504 00160000","R-10","R - Single Family/Cabin","215 W EVERGREEN ST","West Grove",1923,"Before 1991","1950 or older"
"0504 00170000","R-10","R - Single Family/Cabin","207 W EVERGREEN ST","West Grove",1850,"Before 1991","1950 or older"
"0504 00180000","R-10","R - Single Family/Cabin","201 W EVERGREEN ST","West Grove",1886,"Before 1991","1950 or older"
"0504 00190000","R-10","R - Single Family/Cabin","173 W EVERGREEN ST","West Grove",1890,"Before 1991","1950 or older"
"0504 00200000","R-10","R - Single Family/Cabin","163 W EVERGREEN ST","West Grove",1900,"Before 1991","1950 or older"
"0504 00210000","R-10","R - Single Family/Cabin","159 W EVERGREEN ST","West Grove",1850,"Before 1991","1950 or older"
"0504 00220000","R-10","R - Single Family/Cabin","145 W EVERGREEN ST","West Grove",1900,"Before 1991","1950 or older"
"0504 00230000","R-10","R - Single Family/Cabin","204 W HARMONY RD","West Grove",1951,"Before 1991","1951-1960"
"0504 00240000","R-10","R - Single Family/Cabin","20  MAPLE AVE","West Grove",1880,"Before 1991","1950 or older"
"0504 00240100","R-10","R - Single Family/Cabin","200 W HARMONY RD","West Grove",1986,"Before 1991","1981-1990"
"0504 002401A0","R-10","R - Single Family/Cabin","202 W HARMONY RD","West Grove",1991,"1991 or Later","1991-2000"
"0504 00250000","R-10","R - Single Family/Cabin","129 W EVERGREEN ST","West Grove",1910,"Before 1991","1950 or older"
"0504 00260000","R-10","R - Single Family/Cabin","125 W EVERGREEN ST","West Grove",1900,"Before 1991","1950 or older"
"0504 00270000","R-40","A - Aparments (4-19 Units)","121  MAPLE AVE","West Grove",1900,"Before 1991","1950 or older"
"0504 00280000","R-10","R - Single Family/Cabin","119 W EVERGREEN ST","West Grove",1850,"Before 1991","1950 or older"
"0504 00290000","R-10","R - Single Family/Cabin","17  MAPLE AVE","West Grove",1920,"Before 1991","1950 or older"
"0504 00300000","R-10","R - Single Family/Cabin","21  MAPLE AVE","West Grove",1927,"Before 1991","1950 or older"
"0504 00310000","R-10","R - Single Family/Cabin","114 W HARMONY RD","West Grove",1870,"Before 1991","1950 or older"
"0504 00310100","R-10","R - Single Family/Cabin","110 W HARMONY RD","West Grove",1870,"Before 1991","1950 or older"
"0504 00320000","R-10","R - Single Family/Cabin","108 W HARMONY RD","West Grove",1880,"Before 1991","1950 or older"
"0504 00330000","R-20","R - Two Family","100 W HARMONY RD","West Grove",1830,"Before 1991","1950 or older"
"0504 00350000","R-10","R - Single Family/Cabin","112 E HARMONY RD","West Grove",1876,"Before 1991","1950 or older"
"0504 00360000","R-10","R - Single Family/Cabin","114 E HARMONY RD","West Grove",1876,"Before 1991","1950 or older"
"0504 00370000","R-10","R - Single Family/Cabin","120 E HARMONY RD","West Grove",1912,"Before 1991","1950 or older"
"0504 00380000","R-10","R - Single Family/Cabin","122 E HARMONY RD","West Grove",1912,"Before 1991","1950 or older"
"0504 00390000","R-10","R - Single Family/Cabin","126 E HARMONY RD","West Grove",1936,"Before 1991","1950 or older"
"0504 00400000","R-10","R - Single Family/Cabin","128 E HARMONY RD","West Grove",1938,"Before 1991","1950 or older"
"0504 00410000","R-10","R - Single Family/Cabin","130 W HARMONY RD","West Grove",1953,"Before 1991","1951-1960"
"0504 00420000","R-10","R - Single Family/Cabin","207 E EVERGREEN ST","West Grove",1914,"Before 1991","1950 or older"
"0504 00420100","R-10","R - Single Family/Cabin","205 E EVERGREEN ST","West Grove",1914,"Before 1991","1950 or older"
"0504 00430000","R-10","R - Single Family/Cabin","201 E EVERGREEN ST","West Grove",1875,"Before 1991","1950 or older"
"0504 00440000","R-10","R - Single Family/Cabin","161 E EVERGREEN ST","West Grove",1878,"Before 1991","1950 or older"
"0504 00450000","R-20","R - Two Family","159 E EVERGREEN ST","West Grove",1910,"Before 1991","1950 or older"
"0504 00450000","R-20","R - Two Family","159 E EVERGREEN ST","West Grove",1950,"Before 1991","1950 or older"
"0504 00460000","R-20","R - Two Family","147 E EVERGREEN ST","West Grove",1880,"Before 1991","1950 or older"
"0504 00470000","R-20","R - Two Family","137 E EVERGREEN ST","West Grove",1880,"Before 1991","1950 or older"
"0504 00480000","R-10","R - Single Family/Cabin","129 E EVERGREEN ST","West Grove",1880,"Before 1991","1950 or older"
"0504 00490000","R-10","R - Single Family/Cabin","117 E EVERGREEN ST","West Grove",1890,"Before 1991","1950 or older"
"0504 00510000","R-20","R - Two Family","105 E EVERGREEN ST","West Grove",1870,"Before 1991","1950 or older"
"0504 00520000","R-40","A - Aparments (4-19 Units)","101 E EVERGREEN ST","West Grove",1934,"Before 1991","1950 or older"
"0504 00580000","R-40","A - Aparments (4-19 Units)","9  EXCHANGE PL","West Grove",1900,"Before 1991","1950 or older"
"0504 00580000","R-40","A - Aparments (4-19 Units)","9  EXCHANGE PL","West Grove",1910,"Before 1991","1950 or older"
"0504 00610000","R-40","A - Aparments (4-19 Units)","142 E EVERGREEN ST","West Grove",1959,"Before 1991","1951-1960"
"0504 00620000","R-10","R - Single Family/Cabin","144 E EVERGREEN ST","West Grove",1890,"Before 1991","1950 or older"
"0504 00630000","R-10","R - Single Family/Cabin","148 E EVERGREEN ST","West Grove",1890,"Before 1991","1950 or older"
"0504 00640000","R-10","R - Single Family/Cabin","152 E EVERGREEN ST","West Grove",1875,"Before 1991","1950 or older"
"0504 00640000","R-10","R - Single Family/Cabin","152 E EVERGREEN ST","West Grove",1910,"Before 1991","1950 or older"
"0504 00650000","R-10","R - Single Family/Cabin","156 E EVERGREEN ST","West Grove",1867,"Before 1991","1950 or older"
"0504 00660000","R-10","R - Single Family/Cabin","160 E EVERGREEN ST","West Grove",1890,"Before 1991","1950 or older"
"0504 00670000","R-10","R - Single Family/Cabin","8  OAKLAND AVE","West Grove",1905,"Before 1991","1950 or older"
"0504 00680000","R-10","R - Single Family/Cabin","12  OAKLAND AVE","West Grove",1890,"Before 1991","1950 or older"
"0504 00690000","R-20","R - Two Family","18  OAKLAND AVE","West Grove",1890,"Before 1991","1950 or older"
"0504 00700000","R-10","R - Single Family/Cabin","24  OAKLAND AVE","West Grove",1890,"Before 1991","1950 or older"
"0504 00710000","R-10","R - Single Family/Cabin","153  RAILROAD AVE","West Grove",1930,"Before 1991","1950 or older"
"0504 00730000","R-10","R - Single Family/Cabin","151  RAILROAD AVE","West Grove",1930,"Before 1991","1950 or older"
"0504 00740000","R-10","R - Single Family/Cabin","123  RAILROAD AVE","West Grove",1930,"Before 1991","1950 or older"
"0504 00770000","R-10","R - Single Family/Cabin","5  OAKLAND AVE","West Grove",1930,"Before 1991","1950 or older"
"0504 00780000","R-10","R - Single Family/Cabin","9  OAKLAND AVE","West Grove",1900,"Before 1991","1950 or older"
"0504 00790000","R-10","R - Single Family/Cabin","15  OAKLAND AVE","West Grove",1925,"Before 1991","1950 or older"
"0504 00800000","R-10","R - Single Family/Cabin","19  OAKLAND AVE","West Grove",1941,"Before 1991","1950 or older"
"0504 00810000","R-10","R - Single Family/Cabin","23  OAKLAND AVE","West Grove",1930,"Before 1991","1950 or older"
"0504 00820000","R-10","R - Single Family/Cabin","27  OAKLAND AVE","West Grove",1920,"Before 1991","1950 or older"
"0504 00830000","R-10","R - Single Family/Cabin","29  OAKLAND AVE","West Grove",1920,"Before 1991","1950 or older"
"0504 00840000","R-10","R - Single Family/Cabin","244 W EVERGREEN ST","West Grove",1889,"Before 1991","1950 or older"
"0504 00850000","R-10","R - Single Family/Cabin","242 W EVERGREEN ST","West Grove",1889,"Before 1991","1950 or older"
"0504 00860000","R-10","R - Single Family/Cabin","224 W EVERGREEN ST","West Grove",1910,"Before 1991","1950 or older"
"0504 00860100","R-10","R - Single Family/Cabin","222 W EVERGREEN ST","West Grove",1965,"Before 1991","1961-1970"
"0504 00860200","R-10","R - Single Family/Cabin","240 W EVERGREEN ST","West Grove",1970,"Before 1991","1961-1970"
"0504 00870000","R-10","R - Single Family/Cabin","202 W EVERGREEN ST","West Grove",1947,"Before 1991","1950 or older"
"0504 00880000","R-10","R - Single Family/Cabin","200 W EVERGREEN ST","West Grove",1940,"Before 1991","1950 or older"
"0504 00910000","R-10","R - Single Family/Cabin","116  WOODLAND AVE","West Grove",1938,"Before 1991","1950 or older"
"0504 00920000","R-10","R - Single Family/Cabin","119  WOODLAND AVE","West Grove",1948,"Before 1991","1950 or older"
"0504 00930000","R-20","R - Two Family","120  WOODLAND AVE","West Grove",1930,"Before 1991","1950 or older"
"0504 00940000","R-10","R - Single Family/Cabin","211  WILLOW ST","West Grove",1930,"Before 1991","1950 or older"
"0504 00950000","R-10","R - Single Family/Cabin","215  WILLOW ST","West Grove",1930,"Before 1991","1950 or older"
"0504 00960000","R-10","R - Single Family/Cabin","218  WILLOW ST","West Grove",1930,"Before 1991","1950 or older"
"0504 00970000","R-10","R - Single Family/Cabin","233 W SUMMIT AVE","West Grove",1992,"1991 or Later","1991-2000"
"0504 00970100","R-10","R - Single Family/Cabin","220  WILLOW ST","West Grove",1966,"Before 1991","1961-1970"
"0504 00970200","R-10","R - Single Family/Cabin","222  WILLOW ST","West Grove",1968,"Before 1991","1961-1970"
"0504 00970300","R-10","R - Single Family/Cabin","224  WILLOW ST","West Grove",1969,"Before 1991","1961-1970"
"0504 00970400","R-10","R - Single Family/Cabin","232  WILLOW ST","West Grove",1973,"Before 1991","1971-1980"
"0504 00970500","R-10","R - Single Family/Cabin","234  WILLOW ST","West Grove",1967,"Before 1991","1961-1970"
"0504 00970600","R-10","R - Single Family/Cabin","227 W SUMMIT AVE","West Grove",1967,"Before 1991","1961-1970"
"0504 00970800","R-10","R - Single Family/Cabin","225 W SUMMIT AVE","West Grove",1974,"Before 1991","1971-1980"
"0504 00970900","R-10","R - Single Family/Cabin","223 W SUMMIT AVE","West Grove",2013,"1991 or Later","2011-2022"
"0504 00971000","R-10","R - Single Family/Cabin","221 W SUMMIT AVE","West Grove",1970,"Before 1991","1961-1970"
"0504 00971100","R-10","R - Single Family/Cabin","228  WILLOW ST","West Grove",1967,"Before 1991","1961-1970"
"0504 00980000","R-10","R - Single Family/Cabin","219 W SUMMIT AVE","West Grove",1950,"Before 1991","1950 or older"
"0504 00990100","R-10","R - Single Family/Cabin","217 W SUMMIT AVE","West Grove",1900,"Before 1991","1950 or older"
"0504 01010000","R-10","R - Single Family/Cabin","142  WOODLAND AVE","West Grove",1920,"Before 1991","1950 or older"
"0504 01020000","R-10","R - Single Family/Cabin","140  WOODLAND AVE","West Grove",1920,"Before 1991","1950 or older"
"0504 01030000","R-10","R - Single Family/Cabin","138  WOODLAND AVE","West Grove",1920,"Before 1991","1950 or older"
"0504 01030100","R-10","R - Single Family/Cabin","130  WOODLAND AVE","West Grove",2018,"1991 or Later","2011-2022"
"0504 01040000","R-10","R - Single Family/Cabin","146  MURRAY AVE","West Grove",1940,"Before 1991","1950 or older"
"0504 01050000","R-10","R - Single Family/Cabin","142  MURRAY AVE","West Grove",1920,"Before 1991","1950 or older"
"0504 01060000","R-20","R - Two Family","138  MURRAY AVE","West Grove",1920,"Before 1991","1950 or older"
"0504 01070000","R-10","R - Single Family/Cabin","134  MURRAY AVE","West Grove",1870,"Before 1991","1950 or older"
"0504 01080000","R-10","R - Single Family/Cabin","130  MURRAY AVE","West Grove",1920,"Before 1991","1950 or older"
"0504 01090000","R-10","R - Single Family/Cabin","126  MURRAY AVE","West Grove",1920,"Before 1991","1950 or older"
"0504 01100000","R-10","R - Single Family/Cabin","124  MURRAY AVE","West Grove",1920,"Before 1991","1950 or older"
"0504 01110000","R-10","R - Single Family/Cabin","120  MURRAY AVE","West Grove",1920,"Before 1991","1950 or older"
"0504 01120000","R-10","R - Single Family/Cabin","116  MURRAY AVE","West Grove",1920,"Before 1991","1950 or older"
"0504 01130000","R-10","R - Single Family/Cabin","210  WALNUT ST","West Grove",1920,"Before 1991","1950 or older"
"0504 01140000","R-40","A - Aparments (4-19 Units)","206  WALNUT ST","West Grove",1920,"Before 1991","1950 or older"
"0504 01160000","R-10","R - Single Family/Cabin","111  MURRAY AVE","West Grove",1920,"Before 1991","1950 or older"
"0504 01170000","R-10","R - Single Family/Cabin","113  MURRAY AVE","West Grove",1920,"Before 1991","1950 or older"
"0504 01190000","R-10","R - Single Family/Cabin","119  MURRAY AVE","West Grove",1920,"Before 1991","1950 or older"
"0504 01200000","R-10","R - Single Family/Cabin","123  MURRAY AVE","West Grove",1920,"Before 1991","1950 or older"
"0504 01210000","R-10","R - Single Family/Cabin","127  MURRAY AVE","West Grove",1920,"Before 1991","1950 or older"
"0504 01220000","R-10","R - Single Family/Cabin","129  MURRAY AVE","West Grove",1920,"Before 1991","1950 or older"
"0504 01230000","R-10","R - Single Family/Cabin","133  MURRAY AVE","West Grove",1920,"Before 1991","1950 or older"
"0504 01240000","R-10","R - Single Family/Cabin","135  MURRAY AVE","West Grove",1920,"Before 1991","1950 or older"
"0504 01250000","R-20","R - Two Family","137  MURRAY AVE","West Grove",1920,"Before 1991","1950 or older"
"0504 01260000","R-10","R - Single Family/Cabin","143  MURRAY AVE","West Grove",1960,"Before 1991","1951-1960"
"0504 01260100","R-10","R - Single Family/Cabin","145 W SUMMIT AVE","West Grove",1920,"Before 1991","1950 or older"
"0504 01260200","R-10","R - Single Family/Cabin","147 W SUMMIT AVE","West Grove",1920,"Before 1991","1950 or older"
"0504 01270000","R-10","R - Single Family/Cabin","143 W SUMMIT AVE","West Grove",1920,"Before 1991","1950 or older"
"0504 01280000","R-10","R - Single Family/Cabin","141 W SUMMIT AVE","West Grove",1920,"Before 1991","1950 or older"
"0504 01290000","R-10","R - Single Family/Cabin","160  JACKSON AVE","West Grove",1920,"Before 1991","1950 or older"
"0504 01300000","R-10","R - Single Family/Cabin","158  JACKSON AVE","West Grove",1920,"Before 1991","1950 or older"
"0504 01310000","R-10","R - Single Family/Cabin","156  JACKSON AVE","West Grove",1911,"Before 1991","1950 or older"
"0504 01320000","R-10","R - Single Family/Cabin","154  JACKSON AVE","West Grove",1920,"Before 1991","1950 or older"
"0504 01330000","R-10","R - Single Family/Cabin","152  JACKSON AVE","West Grove",1920,"Before 1991","1950 or older"
"0504 01340000","R-10","R - Single Family/Cabin","148  JACKSON AVE","West Grove",1900,"Before 1991","1950 or older"
"0504 01350000","R-10","R - Single Family/Cabin","144  JACKSON AVE","West Grove",1900,"Before 1991","1950 or older"
"0504 01360000","R-10","R - Single Family/Cabin","134  JACKSON AVE","West Grove",1900,"Before 1991","1950 or older"
"0504 01370000","R-10","R - Single Family/Cabin","130  JACKSON AVE","West Grove",1900,"Before 1991","1950 or older"
"0504 01380000","R-10","R - Single Family/Cabin","126  JACKSON AVE","West Grove",1900,"Before 1991","1950 or older"
"0504 01390000","R-10","R - Single Family/Cabin","122  JACKSON AVE","West Grove",1900,"Before 1991","1950 or older"
"0504 01400000","R-10","R - Single Family/Cabin","118  JACKSON AVE","West Grove",1865,"Before 1991","1950 or older"
"0504 01410000","R-10","R - Single Family/Cabin","114  JACKSON AVE","West Grove",1910,"Before 1991","1950 or older"
"0504 01420000","R-10","R - Single Family/Cabin","110  JACKSON AVE","West Grove",1900,"Before 1991","1950 or older"
"0504 01430000","R-10","R - Single Family/Cabin","108  JACKSON AVE","West Grove",1900,"Before 1991","1950 or older"
"0504 01430100","R-10","R - Single Family/Cabin","106  JACKSON AVE","West Grove",1900,"Before 1991","1950 or older"
"0504 01440000","R-10","R - Single Family/Cabin","202  WALNUT ST","West Grove",1950,"Before 1991","1950 or older"
"0504 01450000","R-10","R - Single Family/Cabin","200  WALNUT ST","West Grove",1941,"Before 1991","1950 or older"
"0504 01460000","R-10","R - Single Family/Cabin","116  WALNUT ST","West Grove",1900,"Before 1991","1950 or older"
"0504 01460100","R-10","R - Single Family/Cabin","124  WALNUT ST","West Grove",1959,"Before 1991","1951-1960"
"0504 01460200","R-10","R - Single Family/Cabin","114  WALNUT ST","West Grove",1900,"Before 1991","1950 or older"
"0504 01460300","R-10","R - Single Family/Cabin","122  WALNUT ST","West Grove",1900,"Before 1991","1950 or older"
"0504 01460400","R-10","R - Single Family/Cabin","120  WALNUT ST","West Grove",1900,"Before 1991","1950 or older"
"0504 01470000","R-20","R - Two Family","113  JACKSON AVE","West Grove",1959,"Before 1991","1951-1960"
"0504 01480000","R-10","R - Single Family/Cabin","115  JACKSON AVE","West Grove",1900,"Before 1991","1950 or older"
"0504 01490000","R-10","R - Single Family/Cabin","119  JACKSON AVE","West Grove",1900,"Before 1991","1950 or older"
"0504 01500000","R-10","R - Single Family/Cabin","123  JACKSON AVE","West Grove",1900,"Before 1991","1950 or older"
"0504 01510000","R-10","R - Single Family/Cabin","127  JACKSON AVE","West Grove",1900,"Before 1991","1950 or older"
"0504 01520100","R-10","R - Single Family/Cabin","131  JACKSON AVE","West Grove",2016,"1991 or Later","2011-2022"
"0504 01520200","R-10","R - Single Family/Cabin","135  JACKSON AVE","West Grove",2016,"1991 or Later","2011-2022"
"0504 01530000","R-10","R - Single Family/Cabin","141  JACKSON AVE","West Grove",1906,"Before 1991","1950 or older"
"0504 01540000","R-10","R - Single Family/Cabin","151  JACKSON AVE","West Grove",1900,"Before 1991","1950 or older"
"0504 01550000","R-10","R - Single Family/Cabin","153  JACKSON AVE","West Grove",1900,"Before 1991","1950 or older"
"0504 01560000","R-10","R - Single Family/Cabin","155  JACKSON AVE","West Grove",1900,"Before 1991","1950 or older"
"0504 01570000","R-10","R - Single Family/Cabin","157  JACKSON AVE","West Grove",1900,"Before 1991","1950 or older"
"0504 01580000","R-10","R - Single Family/Cabin","123 W SUMMIT AVE","West Grove",1900,"Before 1991","1950 or older"
"0504 01590000","R-10","R - Single Family/Cabin","115 W SUMMIT AVE","West Grove",1952,"Before 1991","1951-1960"
"0504 01600000","R-10","R - Single Family/Cabin","158  PROSPECT AVE","West Grove",1900,"Before 1991","1950 or older"
"0504 01610000","R-10","R - Single Family/Cabin","154  PROSPECT AVE","West Grove",1924,"Before 1991","1950 or older"
"0504 01620000","R-30","R - Multi Family/Dorms/Single","144  PROSPECT AVE","West Grove",1900,"Before 1991","1950 or older"
"0504 01630000","R-10","R - Single Family/Cabin","138  PROSPECT AVE","West Grove",1927,"Before 1991","1950 or older"
"0504 01640000","R-30","R - Multi Family/Dorms/Single","124  PROSPECT AVE","West Grove",1900,"Before 1991","1950 or older"
"0504 01650000","R-10","R - Single Family/Cabin","122  PROSPECT AVE","West Grove",1880,"Before 1991","1950 or older"
"0504 01660000","R-10","R - Single Family/Cabin","120  PROSPECT AVE","West Grove",1900,"Before 1991","1950 or older"
"0504 01670000","R-10","R - Single Family/Cabin","118  PROSPECT AVE","West Grove",1900,"Before 1991","1950 or older"
"0504 01680000","R-10","R - Single Family/Cabin","112  PROSPECT AVE","West Grove",1900,"Before 1991","1950 or older"
"0504 01690000","R-40","A - Aparments (4-19 Units)","106  PROSPECT AVE","West Grove",1908,"Before 1991","1950 or older"
"0504 01690100","R-10","R - Single Family/Cabin","100  WALNUT ST","West Grove",1900,"Before 1991","1950 or older"
"0504 01730000","R-10","R - Single Family/Cabin","201  WALNUT ST","West Grove",1940,"Before 1991","1950 or older"
"0504 01740000","R-10","R - Single Family/Cabin","203  WALNUT ST","West Grove",1946,"Before 1991","1950 or older"
"0504 01750000","R-10","R - Single Family/Cabin","205  WALNUT ST","West Grove",1940,"Before 1991","1950 or older"
"0504 01760000","R-10","R - Single Family/Cabin","207  WALNUT ST","West Grove",1940,"Before 1991","1950 or older"
"0504 01770000","R-10","R - Single Family/Cabin","209  WALNUT ST","West Grove",1941,"Before 1991","1950 or older"
"0504 01780000","R-10","R - Single Family/Cabin","213  WALNUT ST","West Grove",1940,"Before 1991","1950 or older"
"0504 01800000","R-10","R - Single Family/Cabin","170 W EVERGREEN ST","West Grove",1890,"Before 1991","1950 or older"
"0504 01800100","R-10","R - Single Family/Cabin","174 W EVERGREEN ST","West Grove",1890,"Before 1991","1950 or older"
"0504 01810000","R-20","R - Two Family","166 W EVERGREEN ST","West Grove",1900,"Before 1991","1950 or older"
"0504 01820000","R-20","R - Two Family","160 W EVERGREEN ST","West Grove",1900,"Before 1991","1950 or older"
"0504 01830000","R-10","R - Single Family/Cabin","154 W EVERGREEN ST","West Grove",1900,"Before 1991","1950 or older"
"0504 01840100","R-10","R - Single Family/Cabin","148 W EVERGREEN ST","West Grove",1857,"Before 1991","1950 or older"
"0504 01850000","R-10","R - Single Family/Cabin","146 W EVERGREEN ST","West Grove",1870,"Before 1991","1950 or older"
"0504 01860000","R-10","R - Single Family/Cabin","144 W EVERGREEN ST","West Grove",1880,"Before 1991","1950 or older"
"0504 01870000","R-10","R - Single Family/Cabin","140 W EVERGREEN ST","West Grove",1900,"Before 1991","1950 or older"
"0504 01880000","R-10","R - Single Family/Cabin","138 W EVERGREEN ST","West Grove",1893,"Before 1991","1950 or older"
"0504 01990000","R-40","A - Aparments (4-19 Units)","101  PROSPECT AVE","West Grove",1900,"Before 1991","1950 or older"
"0504 02020000","R-30","R - Multi Family/Dorms/Single","109  PROSPECT AVE","West Grove",1920,"Before 1991","1950 or older"
"0504 02030000","R-10","R - Single Family/Cabin","113  PROSPECT AVE","West Grove",1900,"Before 1991","1950 or older"
"0504 02040000","R-30","R - Multi Family/Dorms/Single","117  PROSPECT AVE","West Grove",1900,"Before 1991","1950 or older"
"0504 02050000","R-10","R - Single Family/Cabin","121  PROSPECT AVE","West Grove",1800,"Before 1991","1950 or older"
"0504 02060000","R-10","R - Single Family/Cabin","125  PROSPECT AVE","West Grove",1900,"Before 1991","1950 or older"
"0504 02070000","R-10","R - Single Family/Cabin","129  PROSPECT AVE","West Grove",1900,"Before 1991","1950 or older"
"0504 02080000","R-10","R - Single Family/Cabin","135  PROSPECT AVE","West Grove",1897,"Before 1991","1950 or older"
"0504 02090000","R-10","R - Single Family/Cabin","139  PROSPECT AVE","West Grove",1902,"Before 1991","1950 or older"
"0504 02100000","R-10","R - Single Family/Cabin","107 E SUMMIT AVE","West Grove",1940,"Before 1991","1950 or older"
"0504 02100100","R-10","R - Single Family/Cabin","145  PROSPECT AVE","West Grove",1900,"Before 1991","1950 or older"
"0504 02110000","R-30","R - Multi Family/Dorms/Single","147  PROSPECT AVE","West Grove",1942,"Before 1991","1950 or older"
"0504 02120000","R-10","R - Single Family/Cabin","109 E SUMMIT AVE","West Grove",1943,"Before 1991","1950 or older"
"0504 02150000","R-10","R - Single Family/Cabin","115 E SUMMIT AVE","West Grove",1930,"Before 1991","1950 or older"
"0504 02160000","R-10","R - Single Family/Cabin","117 E SUMMIT AVE","West Grove",1940,"Before 1991","1950 or older"
"0504 02170000","R-10","R - Single Family/Cabin","119 E SUMMIT AVE","West Grove",1930,"Before 1991","1950 or older"
"0504 02180000","R-10","R - Single Family/Cabin","121 E SUMMIT AVE","West Grove",1927,"Before 1991","1950 or older"
"0504 02210000","R-10","R - Single Family/Cabin","140  MYRTLE AVE","West Grove",1895,"Before 1991","1950 or older"
"0504 02220000","R-10","R - Single Family/Cabin","128  MYRTLE AVE","West Grove",1900,"Before 1991","1950 or older"
"0504 02230000","R-10","R - Single Family/Cabin","124  MYRTLE AVE","West Grove",1900,"Before 1991","1950 or older"
"0504 02240000","R-10","R - Single Family/Cabin","120  MYRTLE AVE","West Grove",1889,"Before 1991","1950 or older"
"0504 02250000","R-10","R - Single Family/Cabin","116  MYRTLE AVE","West Grove",1900,"Before 1991","1950 or older"
"0504 02260000","R-10","R - Single Family/Cabin","112  MYRTLE AVE","West Grove",1900,"Before 1991","1950 or older"
"0504 02270000","R-10","R - Single Family/Cabin","108  MYRTLE AVE","West Grove",1900,"Before 1991","1950 or older"
"0504 02280000","R-30","R - Multi Family/Dorms/Single","156  ROSEHILL AVE","West Grove",1920,"Before 1991","1950 or older"
"0504 02300000","R-10","R - Single Family/Cabin","124  ROSEHILL AVE","West Grove",1900,"Before 1991","1950 or older"
"0504 02340000","R-20","R - Two Family","120  ROSEHILL AVE","West Grove",1900,"Before 1991","1950 or older"
"0504 02360000","R-20","R - Two Family","129  ROSEHILL AVE","West Grove",1900,"Before 1991","1950 or older"
"0504 02370000","R-20","R - Two Family","135  ROSEHILL AVE","West Grove",1920,"Before 1991","1950 or older"
"0504 02390000","R-10","R - Single Family/Cabin","137  ROSEHILL AVE","West Grove",1920,"Before 1991","1950 or older"
"0504 02400000","R-10","R - Single Family/Cabin","139  ROSEHILL AVE","West Grove",1920,"Before 1991","1950 or older"
"0504 02410000","R-10","R - Single Family/Cabin","143  ROSEHILL AVE","West Grove",1920,"Before 1991","1950 or older"
"0504 02450000","R-10","R - Single Family/Cabin","155  ROSEHILL AVE","West Grove",1960,"Before 1991","1951-1960"
"0504 02460000","R-10","R - Single Family/Cabin","159  ROSEHILL AVE","West Grove",1955,"Before 1991","1951-1960"
"0504 02470000","R-10","R - Single Family/Cabin","18  CIRCLE DR","West Grove",1990,"Before 1991","1981-1990"
"0504 02480000","R-10","R - Single Family/Cabin","22  CIRCLE DR","West Grove",1960,"Before 1991","1951-1960"
"0504 02480100","R-10","R - Single Family/Cabin","20  CIRCLE DR","West Grove",1968,"Before 1991","1961-1970"
"0504 02490000","R-10","R - Single Family/Cabin","21  CIRCLE DR","West Grove",1951,"Before 1991","1951-1960"
"0504 02490100","R-10","R - Single Family/Cabin","24  CIRCLE DR","West Grove",1978,"Before 1991","1971-1980"
"0504 02510000","R-10","R - Single Family/Cabin","19  CIRCLE DR","West Grove",1951,"Before 1991","1951-1960"
"0504 02520000","R-20","R - Two Family","17  CIRCLE DR","West Grove",1951,"Before 1991","1951-1960"
"0504 02530000","R-10","R - Single Family/Cabin","15  CIRCLE DR","West Grove",1952,"Before 1991","1951-1960"
"0504 02540000","R-10","R - Single Family/Cabin","161  ROSEHILL AVE","West Grove",1948,"Before 1991","1950 or older"
"0504 02550000","R-10","R - Single Family/Cabin","163  ROSEHILL AVE","West Grove",1950,"Before 1991","1950 or older"
"0504 02560100","R-10","R - Single Family/Cabin","165  ROSEHILL AVE","West Grove",1950,"Before 1991","1950 or older"
"0504 02570000","R-10","R - Single Family/Cabin","167  ROSEHILL AVE","West Grove",1950,"Before 1991","1950 or older"
"0504 02580000","R-10","R - Single Family/Cabin","48  OAKLAND AVE","West Grove",1900,"Before 1991","1950 or older"
"0504 02590000","R-10","R - Single Family/Cabin","44  OAKLAND AVE","West Grove",1948,"Before 1991","1950 or older"
"0504 02600000","R-10","R - Single Family/Cabin","42  OAKLAND AVE","West Grove",1948,"Before 1991","1950 or older"
"0504 02610000","R-10","R - Single Family/Cabin","40  OAKLAND AVE","West Grove",1948,"Before 1991","1950 or older"
"0504 02620000","R-10","R - Single Family/Cabin","38  OAKLAND AVE","West Grove",1900,"Before 1991","1950 or older"
"0504 02630000","R-10","R - Single Family/Cabin","32  OAKLAND AVE","West Grove",1900,"Before 1991","1950 or older"
"0504 02640100","R-10","R - Single Family/Cabin","115  CHATHAM ST","West Grove",1900,"Before 1991","1950 or older"
"0504 02670000","R-10","R - Single Family/Cabin","207  CHESTNUT RD","West Grove",1957,"Before 1991","1951-1960"
"0504 02680000","R-10","R - Single Family/Cabin","205  CHESTNUT RD","West Grove",1953,"Before 1991","1951-1960"
"0504 02690000","R-10","R - Single Family/Cabin","31  OAKLAND AVE","West Grove",1953,"Before 1991","1951-1960"
"0504 02700000","R-10","R - Single Family/Cabin","33  OAKLAND AVE","West Grove",1951,"Before 1991","1951-1960"
"0504 02710000","R-10","R - Single Family/Cabin","43  OAKLAND AVE","West Grove",1955,"Before 1991","1951-1960"
"0504 02720000","R-10","R - Single Family/Cabin","45  OAKLAND AVE","West Grove",1953,"Before 1991","1951-1960"
"0504 02730000","R-10","R - Single Family/Cabin","47  OAKLAND AVE","West Grove",1953,"Before 1991","1951-1960"
"0504 02740000","R-10","R - Single Family/Cabin","49  OAKLAND AVE","West Grove",1951,"Before 1991","1951-1960"
"0504 02750000","R-20","R - Two Family","166  ROSEHILL AVE","West Grove",1955,"Before 1991","1951-1960"
"0504 02760000","R-10","R - Single Family/Cabin","162  ROSEHILL AVE","West Grove",1961,"Before 1991","1961-1970"
"0504 02760100","R-10","R - Single Family/Cabin","164  ROSEHILL AVE","West Grove",1900,"Before 1991","1950 or older"
"0504 02770000","R-10","R - Single Family/Cabin","160  ROSEHILL AVE","West Grove",1953,"Before 1991","1951-1960"
"0504 02780000","R-10","R - Single Family/Cabin","158  ROSEHILL AVE","West Grove",1953,"Before 1991","1951-1960"
"0504 02790000","R-10","R - Single Family/Cabin","115  MYRTLE AVE","West Grove",1923,"Before 1991","1950 or older"
"0504 02800000","R-10","R - Single Family/Cabin","119  MYRTLE AVE","West Grove",1880,"Before 1991","1950 or older"
"0504 02810000","R-10","R - Single Family/Cabin","125  MYRTLE AVE","West Grove",1929,"Before 1991","1950 or older"
"0504 02820000","R-10","R - Single Family/Cabin","131  MYRTLE AVE","West Grove",1920,"Before 1991","1950 or older"
"0504 02830000","R-10","R - Single Family/Cabin","133  MYRTLE AVE","West Grove",1981,"Before 1991","1981-1990"
"0504 02850000","R-10","R - Single Family/Cabin","161  MYRTLE AVE","West Grove",1920,"Before 1991","1950 or older"
"0504 02870000","R-10","R - Single Family/Cabin","246 W SUMMIT AVE","West Grove",1900,"Before 1991","1950 or older"
"0504 02880000","R-10","R - Single Family/Cabin","244 W SUMMIT AVE","West Grove",1910,"Before 1991","1950 or older"
"0504 02890000","R-10","R - Single Family/Cabin","242 W SUMMIT AVE","West Grove",1900,"Before 1991","1950 or older"
"0504 02900000","R-10","R - Single Family/Cabin","240 W SUMMIT AVE","West Grove",1890,"Before 1991","1950 or older"
"0504 02910000","R-10","R - Single Family/Cabin","238 W SUMMIT AVE","West Grove",1920,"Before 1991","1950 or older"
"0504 02920000","R-10","R - Single Family/Cabin","236 W SUMMIT AVE","West Grove",1900,"Before 1991","1950 or older"
"0504 02930000","R-10","R - Single Family/Cabin","226 W SUMMIT AVE","West Grove",2001,"1991 or Later","2001-2010"
"0504 02930100","R-10","R - Single Family/Cabin","234 W SUMMIT AVE","West Grove",1900,"Before 1991","1950 or older"
"0504 02940000","R-10","R - Single Family/Cabin","220 W SUMMIT AVE","West Grove",1908,"Before 1991","1950 or older"
"0504 02950000","R-10","R - Single Family/Cabin","216 W SUMMIT AVE","West Grove",1987,"Before 1991","1981-1990"
"0504 02960000","R-10","R - Single Family/Cabin","210 W SUMMIT AVE","West Grove",1900,"Before 1991","1950 or older"
"0504 02970000","R-10","R - Single Family/Cabin","208 W SUMMIT AVE","West Grove",1900,"Before 1991","1950 or older"
"0504 02980000","R-10","R - Single Family/Cabin","204 W SUMMIT AVE","West Grove",1900,"Before 1991","1950 or older"
"0504 03000000","R-10","R - Single Family/Cabin","160 W SUMMIT AVE","West Grove",1900,"Before 1991","1950 or older"
"0504 03010000","R-30","R - Multi Family/Dorms/Single","154 W SUMMIT AVE","West Grove",1900,"Before 1991","1950 or older"
"0504 03010000","R-30","R - Multi Family/Dorms/Single","154 W SUMMIT AVE","West Grove",1996,"1991 or Later","1991-2000"
"0504 03020000","R-10","R - Single Family/Cabin","210  LITTLE AVE","West Grove",1900,"Before 1991","1950 or older"
"0504 03030000","R-10","R - Single Family/Cabin","216  LITTLE AVE","West Grove",1900,"Before 1991","1950 or older"
"0504 03040000","R-10","R - Single Family/Cabin","218  LITTLE AVE","West Grove",1945,"Before 1991","1950 or older"
"0504 03050000","R-10","R - Single Family/Cabin","220  LITTLE AVE","West Grove",1900,"Before 1991","1950 or older"
"0504 03060000","R-10","R - Single Family/Cabin","280  LITTLE AVE","West Grove",1994,"1991 or Later","1991-2000"
"0504 03070000","R-10","R - Single Family/Cabin","302  LITTLE AVE","West Grove",1969,"Before 1991","1961-1970"
"0504 03070100","R-10","R - Single Family/Cabin","304  LITTLE AVE","West Grove",1969,"Before 1991","1961-1970"
"0504 03070200","R-10","R - Single Family/Cabin","300  LITTLE AVE","West Grove",1969,"Before 1991","1961-1970"
"0504 03080000","R-10","R - Single Family/Cabin","152 W SUMMIT AVE","West Grove",1900,"Before 1991","1950 or older"
"0504 03090000","R-20","R - Two Family","148 W SUMMIT AVE","West Grove",1907,"Before 1991","1950 or older"
"0504 03100000","R-10","R - Single Family/Cabin","144 W SUMMIT AVE","West Grove",1900,"Before 1991","1950 or older"
"0504 03110000","R-10","R - Single Family/Cabin","140 W SUMMIT AVE","West Grove",1900,"Before 1991","1950 or older"
"0504 03120000","R-10","R - Single Family/Cabin","136 W SUMMIT AVE","West Grove",1900,"Before 1991","1950 or older"
"0504 03130000","R-10","R - Single Family/Cabin","132 W SUMMIT AVE","West Grove",1900,"Before 1991","1950 or older"
"0504 03140000","R-10","R - Single Family/Cabin","128 W SUMMIT AVE","West Grove",1900,"Before 1991","1950 or older"
"0504 03150000","R-10","R - Single Family/Cabin","124 W SUMMIT AVE","West Grove",1900,"Before 1991","1950 or older"
"0504 03160000","R-10","R - Single Family/Cabin","120 W SUMMIT AVE","West Grove",1900,"Before 1991","1950 or older"
"0504 03170000","R-10","R - Single Family/Cabin","116 W SUMMIT AVE","West Grove",1900,"Before 1991","1950 or older"
"0504 03180000","R-20","R - Two Family","112 W SUMMIT AVE","West Grove",1900,"Before 1991","1950 or older"
"0504 03180100","R-10","R - Single Family/Cabin","106 W SUMMIT AVE","West Grove",1976,"Before 1991","1971-1980"
"0504 03190000","R-10","R - Single Family/Cabin","104 W SUMMIT AVE","West Grove",1877,"Before 1991","1950 or older"
"0504 03200000","R-10","R - Single Family/Cabin","200  PROSPECT AVE","West Grove",1880,"Before 1991","1950 or older"
"0504 03210000","R-20","R - Two Family","218  PROSPECT AVE","West Grove",1907,"Before 1991","1950 or older"
"0504 03220000","R-10","R - Single Family/Cabin","115  EDGEHILL AVE","West Grove",1900,"Before 1991","1950 or older"
"0504 03220100","R-10","R - Single Family/Cabin","220  PROSPECT AVE","West Grove",1971,"Before 1991","1971-1980"
"0504 03230000","R-10","R - Single Family/Cabin","119  EDGEHILL AVE","West Grove",1930,"Before 1991","1950 or older"
"0504 03230100","R-10","R - Single Family/Cabin","117  EDGEHILL AVE","West Grove",2001,"1991 or Later","2001-2010"
"0504 03240000","R-10","R - Single Family/Cabin","125  EDGEHILL AVE","West Grove",1907,"Before 1991","1950 or older"
"0504 03250000","R-10","R - Single Family/Cabin","127  EDGEHILL AVE","West Grove",1907,"Before 1991","1950 or older"
"0504 03260000","R-10","R - Single Family/Cabin","131  EDGEHILL AVE","West Grove",1907,"Before 1991","1950 or older"
"0504 03270000","R-10","R - Single Family/Cabin","135  EDGEHILL AVE","West Grove",1900,"Before 1991","1950 or older"
"0504 03280000","R-10","R - Single Family/Cabin","139  EDGEHILL AVE","West Grove",1900,"Before 1991","1950 or older"
"0504 03290000","R-10","R - Single Family/Cabin","141  EDGEHILL AVE","West Grove",1900,"Before 1991","1950 or older"
"0504 03300000","R-10","R - Single Family/Cabin","147  EDGEHILL AVE","West Grove",1900,"Before 1991","1950 or older"
"0504 03310000","R-10","R - Single Family/Cabin","151  EDGEHILL AVE","West Grove",1900,"Before 1991","1950 or older"
"0504 03330000","R-10","R - Single Family/Cabin","156  EDGEHILL AVE","West Grove",1900,"Before 1991","1950 or older"
"0504 03340000","R-10","R - Single Family/Cabin","148  EDGEHILL AVE","West Grove",1895,"Before 1991","1950 or older"
"0504 03350000","R-10","R - Single Family/Cabin","140  EDGEHILL AVE","West Grove",1910,"Before 1991","1950 or older"
"0504 03360000","R-10","R - Single Family/Cabin","136  EDGEHILL AVE","West Grove",1920,"Before 1991","1950 or older"
"0504 03370000","R-10","R - Single Family/Cabin","132  EDGEHILL AVE","West Grove",1900,"Before 1991","1950 or older"
"0504 03380000","R-10","R - Single Family/Cabin","128  EDGEHILL AVE","West Grove",1900,"Before 1991","1950 or older"
"0504 03390000","R-10","R - Single Family/Cabin","124  EDGEHILL AVE","West Grove",1932,"Before 1991","1950 or older"
"0504 03400100","R-10","R - Single Family/Cabin","120  EDGEHILL AVE","West Grove",1974,"Before 1991","1971-1980"
"0504 03410000","R-10","R - Single Family/Cabin","116  EDGEHILL AVE","West Grove",1890,"Before 1991","1950 or older"
"0504 03420000","R-10","R - Single Family/Cabin","114  EDGEHILL AVE","West Grove",1900,"Before 1991","1950 or older"
"0504 03430000","R-10","R - Single Family/Cabin","300  PROSPECT AVE","West Grove",1910,"Before 1991","1950 or older"
"0504 03440000","R-10","R - Single Family/Cabin","310  PROSPECT AVE","West Grove",1930,"Before 1991","1950 or older"
"0504 03450000","R-10","R - Single Family/Cabin","314  PROSPECT AVE","West Grove",1903,"Before 1991","1950 or older"
"0504 03460000","R-10","R - Single Family/Cabin","115  HILLSIDE AVE","West Grove",2007,"1991 or Later","2001-2010"
"0504 03470000","R-10","R - Single Family/Cabin","119  HILLSIDE AVE","West Grove",1927,"Before 1991","1950 or older"
"0504 03480000","R-10","R - Single Family/Cabin","121  HILLSIDE AVE","West Grove",1910,"Before 1991","1950 or older"
"0504 03490000","R-10","R - Single Family/Cabin","125  HILLSIDE AVE","West Grove",1915,"Before 1991","1950 or older"
"0504 03500000","R-10","R - Single Family/Cabin","151  HILLSIDE AVE","West Grove",1900,"Before 1991","1950 or older"
"0504 03510000","R-10","R - Single Family/Cabin","161  HILLSIDE AVE","West Grove",1900,"Before 1991","1950 or older"
"0504 03520000","R-10","R - Single Family/Cabin","163  HILLSIDE AVE","West Grove",1955,"Before 1991","1951-1960"
"0504 03530000","R-10","R - Single Family/Cabin","165  HILLSIDE AVE","West Grove",1949,"Before 1991","1950 or older"
"0504 03540000","R-10","R - Single Family/Cabin","164  HILLSIDE AVE","West Grove",1950,"Before 1991","1950 or older"
"0504 03550000","R-10","R - Single Family/Cabin","160  HILLSIDE AVE","West Grove",1900,"Before 1991","1950 or older"
"0504 03560000","R-10","R - Single Family/Cabin","154  HILLSIDE AVE","West Grove",1900,"Before 1991","1950 or older"
"0504 03570000","R-10","R - Single Family/Cabin","134  HILLSIDE AVE","West Grove",1924,"Before 1991","1950 or older"
"0504 03580000","R-10","R - Single Family/Cabin","132  HILLSIDE AVE","West Grove",1905,"Before 1991","1950 or older"
"0504 03590000","R-10","R - Single Family/Cabin","128  HILLSIDE AVE","West Grove",1900,"Before 1991","1950 or older"
"0504 03600000","R-10","R - Single Family/Cabin","124  HILLSIDE AVE","West Grove",1910,"Before 1991","1950 or older"
"0504 03610000","R-10","R - Single Family/Cabin","118  HILLSIDE AVE","West Grove",1900,"Before 1991","1950 or older"
"0504 03620000","R-10","R - Single Family/Cabin","116  HILLSIDE AVE","West Grove",1925,"Before 1991","1950 or older"
"0504 03630000","R-10","R - Single Family/Cabin","106  HILLSIDE AVE","West Grove",1900,"Before 1991","1950 or older"
"0504 03640000","R-10","R - Single Family/Cabin","100  HILLSIDE AVE","West Grove",1894,"Before 1991","1950 or older"
"0504 03650000","R-10","R - Single Family/Cabin","417  PROSPECT AVE","West Grove",1928,"Before 1991","1950 or older"
"0504 03660000","R-10","R - Single Family/Cabin","415  PROSPECT AVE","West Grove",1900,"Before 1991","1950 or older"
"0504 03670000","R-10","R - Single Family/Cabin","413  PROSPECT AVE","West Grove",1930,"Before 1991","1950 or older"
"0504 03680000","R-10","R - Single Family/Cabin","405  PROSPECT AVE","West Grove",1940,"Before 1991","1950 or older"
"0504 03690000","R-10","R - Single Family/Cabin","403  PROSPECT AVE","West Grove",1941,"Before 1991","1950 or older"
"0504 03700000","R-10","R - Single Family/Cabin","321  PROSPECT AVE","West Grove",1946,"Before 1991","1950 or older"
"0504 03710000","R-10","R - Single Family/Cabin","311  PROSPECT AVE","West Grove",1927,"Before 1991","1950 or older"
"0504 03720000","R-10","R - Single Family/Cabin","305  PROSPECT AVE","West Grove",1961,"Before 1991","1961-1970"
"0504 03720100","R-10","R - Single Family/Cabin","307  PROSPECT AVE","West Grove",1900,"Before 1991","1950 or older"
"0504 03730000","R-10","R - Single Family/Cabin","221  PROSPECT AVE","West Grove",1915,"Before 1991","1950 or older"
"0504 03740000","R-20","R - Two Family","215  PROSPECT AVE","West Grove",1917,"Before 1991","1950 or older"
"0504 03750000","R-10","R - Single Family/Cabin","203  PROSPECT AVE","West Grove",1898,"Before 1991","1950 or older"
"0504 03760100","R-10","R - Single Family/Cabin","200 E SUMMIT AVE","West Grove",1960,"Before 1991","1951-1960"
"0504 03760200","R-10","R - Single Family/Cabin","118 E SUMMIT AVE","West Grove",1966,"Before 1991","1961-1970"
"0504 03760300","R-10","R - Single Family/Cabin","116 E SUMMIT AVE","West Grove",1966,"Before 1991","1961-1970"
"0504 03760400","R-10","R - Single Family/Cabin","114 E SUMMIT AVE","West Grove",1968,"Before 1991","1961-1970"
"0504 03760500","R-10","R - Single Family/Cabin","112 E SUMMIT AVE","West Grove",1968,"Before 1991","1961-1970"
"0504 03760600","R-10","R - Single Family/Cabin","104 E SUMMIT AVE","West Grove",1968,"Before 1991","1961-1970"
"0504 03760700","R-10","R - Single Family/Cabin","102 E SUMMIT AVE","West Grove",2012,"1991 or Later","2011-2022"
"0504 03761000","R-10","R - Single Family/Cabin","110 E SUMMIT AVE","West Grove",1968,"Before 1991","1961-1970"
"0504 03761200","R-20","R - Two Family","210  HILLCREST AVE","West Grove",1900,"Before 1991","1950 or older"
"0504 03761400","R-10","R - Single Family/Cabin","206  HILLCREST AVE","West Grove",1983,"Before 1991","1981-1990"
"0504 03780000","R-10","R - Single Family/Cabin","204 E SUMMIT AVE","West Grove",1900,"Before 1991","1950 or older"
"0504 03800000","R-10","R - Single Family/Cabin","208 E SUMMIT AVE","West Grove",1900,"Before 1991","1950 or older"
"0504 03810000","R-10","R - Single Family/Cabin","210 E SUMMIT AVE","West Grove",1900,"Before 1991","1950 or older"
"0504 03830000","R-10","R - Single Family/Cabin","214 E SUMMIT AVE","West Grove",1900,"Before 1991","1950 or older"
"0504 03850000","R-10","R - Single Family/Cabin","205 W HARMONY RD","West Grove",1964,"Before 1991","1961-1970"
"0504 03860000","R-10","R - Single Family/Cabin","206 W HARMONY RD","West Grove",2003,"1991 or Later","2001-2010"
"0504 05000000","R-10","R - Single Family/Cabin","24  TOWNVIEW DR","West Grove",1976,"Before 1991","1971-1980"
"0504 05010000","R-10","R - Single Family/Cabin","23  TOWNVIEW DR","West Grove",1976,"Before 1991","1971-1980"
"0504 05020000","R-10","R - Single Family/Cabin","22  TOWNVIEW DR","West Grove",1976,"Before 1991","1971-1980"
"0504 05030000","R-10","R - Single Family/Cabin","21  TOWNVIEW DR","West Grove",1976,"Before 1991","1971-1980"
"0504 05040000","R-10","R - Single Family/Cabin","20  TOWNVIEW DR","West Grove",1976,"Before 1991","1971-1980"
"0504 05050000","R-10","R - Single Family/Cabin","19  TOWNVIEW DR","West Grove",1976,"Before 1991","1971-1980"
"0504 05060000","R-10","R - Single Family/Cabin","18  TOWNVIEW DR","West Grove",1976,"Before 1991","1971-1980"
"0504 05070000","R-10","R - Single Family/Cabin","17  TOWNVIEW DR","West Grove",1976,"Before 1991","1971-1980"
"0504 05080000","R-10","R - Single Family/Cabin","16  TOWNVIEW DR","West Grove",1976,"Before 1991","1971-1980"
"0504 05090000","R-10","R - Single Family/Cabin","15  TOWNVIEW DR","West Grove",1976,"Before 1991","1971-1980"
"0504 05100000","R-10","R - Single Family/Cabin","14  TOWNVIEW DR","West Grove",1976,"Before 1991","1971-1980"
"0504 05110000","R-10","R - Single Family/Cabin","13  TOWNVIEW DR","West Grove",1976,"Before 1991","1971-1980"
"0504 05120000","R-10","R - Single Family/Cabin","12  TOWNVIEW DR","West Grove",1976,"Before 1991","1971-1980"
"0504 05130000","R-10","R - Single Family/Cabin","11  TOWNVIEW DR","West Grove",1976,"Before 1991","1971-1980"
"0504 05140000","R-10","R - Single Family/Cabin","10  TOWNVIEW DR","West Grove",1976,"Before 1991","1971-1980"
"0504 05150000","R-10","R - Single Family/Cabin","9  TOWNVIEW DR","West Grove",1976,"Before 1991","1971-1980"
"0504 05160000","R-10","R - Single Family/Cabin","41  TOWNVIEW DR","West Grove",1976,"Before 1991","1971-1980"
"0504 05170000","R-10","R - Single Family/Cabin","42  TOWNVIEW DR","West Grove",1976,"Before 1991","1971-1980"
"0504 05180000","R-10","R - Single Family/Cabin","43  TOWNVIEW DR","West Grove",1976,"Before 1991","1971-1980"
"0504 05190000","R-10","R - Single Family/Cabin","44  TOWNVIEW DR","West Grove",1976,"Before 1991","1971-1980"
"0504 05200000","R-10","R - Single Family/Cabin","45  TOWNVIEW DR","West Grove",1976,"Before 1991","1971-1980"
"0504 05210000","R-10","R - Single Family/Cabin","46  TOWNVIEW DR","West Grove",1976,"Before 1991","1971-1980"
"0504 05220000","R-10","R - Single Family/Cabin","47  TOWNVIEW DR","West Grove",1976,"Before 1991","1971-1980"
"0504 05230000","R-10","R - Single Family/Cabin","48  TOWNVIEW DR","West Grove",1976,"Before 1991","1971-1980"
"0504 05240000","R-10","R - Single Family/Cabin","1  TOWNVIEW DR","West Grove",1973,"Before 1991","1971-1980"
"0504 05250000","R-10","R - Single Family/Cabin","2  TOWNVIEW DR","West Grove",1976,"Before 1991","1971-1980"
"0504 05260000","R-10","R - Single Family/Cabin","3  TOWNVIEW DR","West Grove",1978,"Before 1991","1971-1980"
"0504 05270000","R-10","R - Single Family/Cabin","4  TOWNVIEW DR","West Grove",1976,"Before 1991","1971-1980"
"0504 05280000","R-10","R - Single Family/Cabin","5  TOWNVIEW DR","West Grove",1976,"Before 1991","1971-1980"
"0504 05290000","R-10","R - Single Family/Cabin","6  TOWNVIEW DR","West Grove",1976,"Before 1991","1971-1980"
"0504 05300000","R-10","R - Single Family/Cabin","7  TOWNVIEW DR","West Grove",1976,"Before 1991","1971-1980"
"0504 05310000","R-10","R - Single Family/Cabin","8  TOWNVIEW DR","West Grove",1976,"Before 1991","1971-1980"
"0504 05320000","R-10","R - Single Family/Cabin","3 W MEADOW CRT","West Grove",1988,"Before 1991","1981-1990"
"0504 05330000","R-10","R - Single Family/Cabin","4 W MEADOW CRT","West Grove",1987,"Before 1991","1981-1990"
"0504 05340000","R-10","R - Single Family/Cabin","5 W MEADOW CRT","West Grove",1987,"Before 1991","1981-1990"
"0504 05350000","R-10","R - Single Family/Cabin","6 W MEADOW CRT","West Grove",1988,"Before 1991","1981-1990"
"0504 05370000","R-10","R - Single Family/Cabin","4  MERIGOLD CRT","West Grove",1988,"Before 1991","1981-1990"
"0504 05400000","R-10","R - Single Family/Cabin","25  TOWNVIEW DR","West Grove",1995,"1991 or Later","1991-2000"
"0504 05410000","R-10","R - Single Family/Cabin","26  TOWNVIEW DR","West Grove",1995,"1991 or Later","1991-2000"
"0504 05420000","R-10","R - Single Family/Cabin","27  TOWNVIEW DR","West Grove",1995,"1991 or Later","1991-2000"
"0504 05430000","R-10","R - Single Family/Cabin","28  TOWNVIEW DR","West Grove",1995,"1991 or Later","1991-2000"
"0504 05440000","R-10","R - Single Family/Cabin","29  TOWNVIEW DR","West Grove",1995,"1991 or Later","1991-2000"
"0504 05450000","R-10","R - Single Family/Cabin","30  TOWNVIEW DR","West Grove",1995,"1991 or Later","1991-2000"
"0504 05460000","R-10","R - Single Family/Cabin","31  TOWNVIEW DR","West Grove",1995,"1991 or Later","1991-2000"
"0504 05470000","R-10","R - Single Family/Cabin","32  TOWNVIEW DR","West Grove",1995,"1991 or Later","1991-2000"
"0504 05480000","R-10","R - Single Family/Cabin","33  TOWNVIEW DR","West Grove",1997,"1991 or Later","1991-2000"
"0504 05490000","R-10","R - Single Family/Cabin","34  TOWNVIEW DR","West Grove",1997,"1991 or Later","1991-2000"
"0504 05500000","R-10","R - Single Family/Cabin","35  TOWNVIEW DR","West Grove",1996,"1991 or Later","1991-2000"
"0504 05510000","R-10","R - Single Family/Cabin","36  TOWNVIEW DR","West Grove",1996,"1991 or Later","1991-2000"
"0504 05520000","R-10","R - Single Family/Cabin","37  TOWNVIEW DR","West Grove",1997,"1991 or Later","1991-2000"
"0504 05530000","R-10","R - Single Family/Cabin","38  TOWNVIEW DR","West Grove",1996,"1991 or Later","1991-2000"
"0504 05540000","R-10","R - Single Family/Cabin","39  TOWNVIEW DR","West Grove",1996,"1991 or Later","1991-2000"
"0504 05550000","R-10","R - Single Family/Cabin","40  TOWNVIEW DR","West Grove",1996,"1991 or Later","1991-2000"
"0504 06000000","R-50","R - Condominium","117  RAILROAD AVE","West Grove",1971,"Before 1991","1971-1980"
"0504 06010000","R-50","R - Condominium","117  RAILROAD AVE","West Grove",1971,"Before 1991","1971-1980"
"0504 06020000","R-50","R - Condominium","117  RAILROAD AVE","West Grove",1971,"Before 1991","1971-1980"
"0504 06030000","R-50","R - Condominium","117  RAILROAD AVE","West Grove",1971,"Before 1991","1971-1980"
"0504 06040000","R-50","R - Condominium","117  RAILROAD AVE","West Grove",1971,"Before 1991","1971-1980"
"0504 06050000","R-50","R - Condominium","117  RAILROAD AVE","West Grove",1971,"Before 1991","1971-1980"
"0504 06060000","R-50","R - Condominium","117  RAILROAD AVE","West Grove",1971,"Before 1991","1971-1980"
"0504 06070000","R-50","R - Condominium","117  RAILROAD AVE","West Grove",1971,"Before 1991","1971-1980"
"0504 06080000","R-50","R - Condominium","117  RAILROAD AVE","West Grove",1971,"Before 1991","1971-1980"
"0504 06090000","R-50","R - Condominium","117  RAILROAD AVE","West Grove",1971,"Before 1991","1971-1980"
"0504 06100000","R-50","R - Condominium","117  RAILROAD AVE","West Grove",1971,"Before 1991","1971-1980"
"0504 06110000","R-50","R - Condominium","117  RAILROAD AVE","West Grove",1971,"Before 1991","1971-1980"
"0504 06120000","R-50","R - Condominium","117  RAILROAD AVE","West Grove",1971,"Before 1991","1971-1980"
"0504 06130000","R-50","R - Condominium","117  RAILROAD AVE","West Grove",1971,"Before 1991","1971-1980"
"0504 06140000","R-50","R - Condominium","117  RAILROAD AVE","West Grove",1971,"Before 1991","1971-1980"
"0504 06150000","R-50","R - Condominium","117  RAILROAD AVE","West Grove",1971,"Before 1991","1971-1980"
"0504 06160000","R-50","R - Condominium","117  RAILROAD AVE","West Grove",1971,"Before 1991","1971-1980"
"0504 06170000","R-50","R - Condominium","117  RAILROAD AVE","West Grove",1971,"Before 1991","1971-1980"
"0504 06180000","R-50","R - Condominium","117  RAILROAD AVE","West Grove",1971,"Before 1991","1971-1980"
"0504 06190000","R-50","R - Condominium","117  RAILROAD AVE","West Grove",1971,"Before 1991","1971-1980"
"0504 06200000","R-50","R - Condominium","117  RAILROAD AVE","West Grove",1971,"Before 1991","1971-1980"
"0504 06210000","R-50","R - Condominium","117  RAILROAD AVE","West Grove",1971,"Before 1991","1971-1980"
"0504 06220000","R-50","R - Condominium","117  RAILROAD AVE","West Grove",1971,"Before 1991","1971-1980"
"0504 06230000","R-50","R - Condominium","117  RAILROAD AVE","West Grove",1971,"Before 1991","1971-1980"
"0504 06240000","R-50","R - Condominium","117  RAILROAD AVE","West Grove",1971,"Before 1991","1971-1980"
"0504 06250000","R-50","R - Condominium","117  RAILROAD AVE","West Grove",1971,"Before 1991","1971-1980"
"0504 06260000","R-50","R - Condominium","117  RAILROAD AVE","West Grove",1971,"Before 1991","1971-1980"
"0504 06270000","R-50","R - Condominium","117  RAILROAD AVE","West Grove",1971,"Before 1991","1971-1980"
"0505 00010100","R-40","A - Aparments (4-19 Units)","51  OAKLAND AVE","West Grove",1963,"Before 1991","1961-1970"
"0505 00010300","R-10","R - Single Family/Cabin","204  CHESTNUT RD","West Grove",1958,"Before 1991","1951-1960"
"0505 000105A0","R-10","R - Single Family/Cabin","206  CHESTNUT RD","West Grove",1971,"Before 1991","1971-1980"
"0505 00020000","R-10","R - Single Family/Cabin","3  WELCOME AVE","West Grove",2005,"1991 or Later","2001-2010"
"0505 00030000","R-10","R - Single Family/Cabin","4  WELCOME AVE","West Grove",1956,"Before 1991","1951-1960"
"0505 00040000","R-10","R - Single Family/Cabin","5  WELCOME AVE","West Grove",1957,"Before 1991","1951-1960"
"0505 00050000","R-10","R - Single Family/Cabin","6  WELCOME AVE","West Grove",1956,"Before 1991","1951-1960"
"0505 00060000","R-10","R - Single Family/Cabin","7  WELCOME AVE","West Grove",1956,"Before 1991","1951-1960"
"0505 00070000","R-10","R - Single Family/Cabin","8  WELCOME AVE","West Grove",1987,"Before 1991","1981-1990"
"0505 00080200","R-10","R - Single Family/Cabin","302  WELCOME AVE","West Grove",1996,"1991 or Later","1991-2000"
"0505 00080300","R-10","R - Single Family/Cabin","304  WELCOME AVE","West Grove",1996,"1991 or Later","1991-2000"
"0505 00080400","R-10","R - Single Family/Cabin","306  WELCOME AVE","West Grove",1997,"1991 or Later","1991-2000"
"0505 00080500","R-10","R - Single Family/Cabin","308  WELCOME AVE","West Grove",1997,"1991 or Later","1991-2000"
"0505 00080600","R-10","R - Single Family/Cabin","310  WELCOME AVE","West Grove",1996,"1991 or Later","1991-2000"
"0505 00100000","R-10","R - Single Family/Cabin","1  MORNINGSIDE CRT","West Grove",1992,"1991 or Later","1991-2000"
"0505 00110000","R-10","R - Single Family/Cabin","3  MORNINGSIDE CRT","West Grove",1993,"1991 or Later","1991-2000"
"0505 00120000","R-10","R - Single Family/Cabin","5  MORNINGSIDE CRT","West Grove",1993,"1991 or Later","1991-2000"
"0505 00130000","R-10","R - Single Family/Cabin","7  MORNINGSIDE CRT","West Grove",1993,"1991 or Later","1991-2000"
"0505 00140000","R-10","R - Single Family/Cabin","9  MORNINGSIDE CRT","West Grove",1993,"1991 or Later","1991-2000"
"0505 00150000","R-10","R - Single Family/Cabin","11  MORNINGSIDE CRT","West Grove",1993,"1991 or Later","1991-2000"
"0505 00160000","R-10","R - Single Family/Cabin","10  MORNINGSIDE CRT","West Grove",1992,"1991 or Later","1991-2000"
"0505 00170000","R-10","R - Single Family/Cabin","8  MORNINGSIDE CRT","West Grove",1992,"1991 or Later","1991-2000"
"0505 00180000","R-10","R - Single Family/Cabin","6  MORNINGSIDE CRT","West Grove",1992,"1991 or Later","1991-2000"
"0505 00190000","R-10","R - Single Family/Cabin","4  MORNINGSIDE CRT","West Grove",1992,"1991 or Later","1991-2000"
"0505 00200000","R-10","R - Single Family/Cabin","2  MORNINGSIDE CRT","West Grove",1993,"1991 or Later","1991-2000"
"0506 00010000","R-10","R - Single Family/Cabin","1  TULIP LN","West Grove",1968,"Before 1991","1961-1970"
"0506 00030000","R-10","R - Single Family/Cabin","4  TULIP LN","West Grove",1968,"Before 1991","1961-1970"
"0506 00040000","R-10","R - Single Family/Cabin","6  TULIP LN","West Grove",1968,"Before 1991","1961-1970"
"0506 00050000","R-10","R - Single Family/Cabin","5  TULIP LN","West Grove",1968,"Before 1991","1961-1970"
"0506 00070000","R-10","R - Single Family/Cabin","7  TULIP LN","West Grove",1968,"Before 1991","1961-1970"
"0506 00090000","R-10","R - Single Family/Cabin","404 S HILLS DR","West Grove",1974,"Before 1991","1971-1980"
"0506 00110000","R-10","R - Single Family/Cabin","2  LAUREL LN","West Grove",1975,"Before 1991","1971-1980"
"0506 00120000","R-10","R - Single Family/Cabin","4  LAUREL LN","West Grove",1975,"Before 1991","1971-1980"
"0506 00130000","R-10","R - Single Family/Cabin","11  DAISY DR","West Grove",1977,"Before 1991","1971-1980"
"0506 00140000","R-10","R - Single Family/Cabin","10  DAISY DR","West Grove",1977,"Before 1991","1971-1980"
"0506 00150000","R-10","R - Single Family/Cabin","3  LAUREL LN","West Grove",1975,"Before 1991","1971-1980"
"0506 00160000","R-10","R - Single Family/Cabin","1  LAUREL LN","West Grove",1975,"Before 1991","1971-1980"
"0506 00170000","R-10","R - Single Family/Cabin","1  DAISY DR","West Grove",1975,"Before 1991","1971-1980"
"0506 00180000","R-10","R - Single Family/Cabin","2  DAISY DR","West Grove",1975,"Before 1991","1971-1980"
"0506 00190000","R-10","R - Single Family/Cabin","3  DAISY DR","West Grove",1975,"Before 1991","1971-1980"
"0506 00220000","R-10","R - Single Family/Cabin","102  COLUMBINE DR","West Grove",1988,"Before 1991","1981-1990"
"0506 00230000","R-10","R - Single Family/Cabin","104  COLUMBINE DR","West Grove",1988,"Before 1991","1981-1990"
"0506 00240000","R-10","R - Single Family/Cabin","106  COLUMBINE DR","West Grove",1988,"Before 1991","1981-1990"
"0506 00250000","R-10","R - Single Family/Cabin","108  COLUMBINE DR","West Grove",1988,"Before 1991","1981-1990"
"0506 00260000","R-10","R - Single Family/Cabin","110  COLUMBINE DR","West Grove",1988,"Before 1991","1981-1990"
"0506 00270000","R-10","R - Single Family/Cabin","112  COLUMBINE DR","West Grove",1990,"Before 1991","1981-1990"
"0506 00280000","R-10","R - Single Family/Cabin","114  COLUMBINE DR","West Grove",1993,"1991 or Later","1991-2000"
"0506 00290000","R-10","R - Single Family/Cabin","115  COLUMBINE DR","West Grove",1993,"1991 or Later","1991-2000"
"0506 00300000","R-10","R - Single Family/Cabin","113  COLUMBINE DR","West Grove",1992,"1991 or Later","1991-2000"
"0506 00310000","R-10","R - Single Family/Cabin","111  COLUMBINE DR","West Grove",1994,"1991 or Later","1991-2000"
"0506 00320000","R-10","R - Single Family/Cabin","109  COLUMBINE DR","West Grove",1992,"1991 or Later","1991-2000"
"0506 00330000","R-10","R - Single Family/Cabin","5  GOLDENROD LN","West Grove",1988,"Before 1991","1981-1990"
"0506 00340000","R-10","R - Single Family/Cabin","6  GOLDENROD LN","West Grove",1988,"Before 1991","1981-1990"
"0506 00350000","R-10","R - Single Family/Cabin","7  GOLDENROD LN","West Grove",1988,"Before 1991","1981-1990"
"0506 00360000","R-10","R - Single Family/Cabin","8  GOLDENROD LN","West Grove",1988,"Before 1991","1981-1990"
"0506 00370000","R-10","R - Single Family/Cabin","9  GOLDENROD LN","West Grove",1988,"Before 1991","1981-1990"
"0506 00380000","R-10","R - Single Family/Cabin","10  GOLDENROD LN","West Grove",1988,"Before 1991","1981-1990"
"0506 00390000","R-10","R - Single Family/Cabin","11  GOLDENROD LN","West Grove",1988,"Before 1991","1981-1990"
"0506 00400000","R-10","R - Single Family/Cabin","396  CLOVER CRT","West Grove",1988,"Before 1991","1981-1990"
"0506 00410000","R-10","R - Single Family/Cabin","395  CLOVER CRT","West Grove",1991,"1991 or Later","1991-2000"
"0507 00010300","R-10","R - Single Family/Cabin","101  HILLCREST AVE","West Grove",1959,"Before 1991","1951-1960"
"0507 00010400","R-10","R - Single Family/Cabin","103 W HILLCREST AVE","West Grove",1964,"Before 1991","1961-1970"
"0507 00010500","R-10","R - Single Family/Cabin","105 W HILLCREST AVE","West Grove",1959,"Before 1991","1951-1960"
"0507 00010600","R-10","R - Single Family/Cabin","107  HILLCREST AVE","West Grove",1961,"Before 1991","1961-1970"
"0507 00010700","R-10","R - Single Family/Cabin","109 W HILLCREST AVE","West Grove",1960,"Before 1991","1951-1960"
"0507 00010800","R-10","R - Single Family/Cabin","111  HILLCREST AVE","West Grove",1962,"Before 1991","1961-1970"
"0507 00010900","R-10","R - Single Family/Cabin","166  HILLSIDE AVE","West Grove",1979,"Before 1991","1971-1980"
"0507 000109A0","R-10","R - Single Family/Cabin","117  HILLCREST AVE","West Grove",1961,"Before 1991","1961-1970"
"0507 00011000","R-10","R - Single Family/Cabin","113  HILLCREST AVE","West Grove",1964,"Before 1991","1961-1970"
"0507 00011100","R-10","R - Single Family/Cabin","115 W HILLCREST AVE","West Grove",1961,"Before 1991","1961-1970"
"0507 00011200","R-10","R - Single Family/Cabin","106 W HILLCREST AVE","West Grove",1961,"Before 1991","1961-1970"
"0507 00011300","R-10","R - Single Family/Cabin","102  HILLCREST AVE","West Grove",1962,"Before 1991","1961-1970"
"0507 00011400","R-10","R - Single Family/Cabin","108 W HILLCREST AVE","West Grove",1962,"Before 1991","1961-1970"
"0507 00011500","R-10","R - Single Family/Cabin","110  HILLCREST AVE","West Grove",1963,"Before 1991","1961-1970"
"0507 00011600","R-10","R - Single Family/Cabin","100  HILLCREST AVE","West Grove",1963,"Before 1991","1961-1970"
"0507 00020000","R-10","R - Single Family/Cabin","414  PROSPECT AVE","West Grove",1951,"Before 1991","1951-1960"
"0507 00030000","R-10","R - Single Family/Cabin","502  PROSPECT AVE","West Grove",1930,"Before 1991","1950 or older"
"0507 00030300","R-10","R - Single Family/Cabin","104  HILLCREST AVE","West Grove",1957,"Before 1991","1951-1960"
"0507 00030700","R-10","R - Single Family/Cabin","112 W HILLCREST AVE","West Grove",1960,"Before 1991","1951-1960"
"0507 00030900","R-10","R - Single Family/Cabin","116 W HILLCREST AVE","West Grove",1960,"Before 1991","1951-1960"
"0507 00040000","R-10","R - Single Family/Cabin","504  PROSPECT AVE","West Grove",1929,"Before 1991","1950 or older"
"0507 00050000","R-10","R - Single Family/Cabin","508  PROSPECT AVE","West Grove",1917,"Before 1991","1950 or older"
"0507 00060000","R-10","R - Single Family/Cabin","512  PROSPECT AVE","West Grove",1929,"Before 1991","1950 or older"
"0507 00070000","R-10","R - Single Family/Cabin","516  PROSPECT AVE","West Grove",1941,"Before 1991","1950 or older"
"0507 000701A0","R-10","R - Single Family/Cabin","530  PROSPECT AVE","West Grove",1941,"Before 1991","1950 or older"
"0507 00080000","R-10","R - Single Family/Cabin","501  PROSPECT AVE","West Grove",1930,"Before 1991","1950 or older"
"0507 00090000","R-10","R - Single Family/Cabin","505  PROSPECT AVE","West Grove",1930,"Before 1991","1950 or older"
"0507 00100000","R-10","R - Single Family/Cabin","509  PROSPECT AVE","West Grove",1952,"Before 1991","1951-1960"
"0507 00100100","R-10","R - Single Family/Cabin","507  PROSPECT AVE","West Grove",1952,"Before 1991","1951-1960"
"0507 00110000","R-10","R - Single Family/Cabin","511  PROSPECT AVE","West Grove",1953,"Before 1991","1951-1960"
"0507 00130000","R-10","R - Single Family/Cabin","515  PROSPECT AVE","West Grove",1951,"Before 1991","1951-1960"
"0507 00140000","R-10","R - Single Family/Cabin","517  PROSPECT AVE","West Grove",1948,"Before 1991","1950 or older"
"0507 00150000","R-10","R - Single Family/Cabin","519  PROSPECT AVE","West Grove",1945,"Before 1991","1950 or older"
"0507 00160000","R-10","R - Single Family/Cabin","521  PROSPECT AVE","West Grove",1952,"Before 1991","1951-1960"
"0507 00170000","R-10","R - Single Family/Cabin","434  CHAMBERS WAY","West Grove",1967,"Before 1991","1961-1970"
"0507 00180000","R-10","R - Single Family/Cabin","432  CHAMBERS WAY","West Grove",1957,"Before 1991","1951-1960"
"0507 00190000","R-10","R - Single Family/Cabin","430  CHAMBERS WAY","West Grove",1967,"Before 1991","1961-1970"
"0507 00200000","R-10","R - Single Family/Cabin","428  CHAMBERS WAY","West Grove",1971,"Before 1991","1971-1980"
"0507 00220000","R-10","R - Single Family/Cabin","424  CHAMBERS WAY","West Grove",1973,"Before 1991","1971-1980"
"0507 00230000","R-10","R - Single Family/Cabin","422  CHAMBERS WAY","West Grove",1973,"Before 1991","1971-1980"
"0507 00240000","R-10","R - Single Family/Cabin","420  CHAMBERS WAY","West Grove",1974,"Before 1991","1971-1980"
"0507 00250000","R-10","R - Single Family/Cabin","418  CHAMBERS WAY","West Grove",1975,"Before 1991","1971-1980"
"0507 00260000","R-10","R - Single Family/Cabin","207  HILLCREST AVE","West Grove",1995,"1991 or Later","1991-2000"
"0507 00280000","R-10","R - Single Family/Cabin","421  CHAMBERS WAY","West Grove",1972,"Before 1991","1971-1980"
"0507 00290000","R-10","R - Single Family/Cabin","423  CHAMBERS WAY","West Grove",1972,"Before 1991","1971-1980"
"0507 00300000","R-10","R - Single Family/Cabin","425  CHAMBERS WAY","West Grove",1971,"Before 1991","1971-1980"
"0507 00310000","R-10","R - Single Family/Cabin","427  CHAMBERS WAY","West Grove",1971,"Before 1991","1971-1980"
"0507 00320000","R-10","R - Single Family/Cabin","429  CHAMBERS WAY","West Grove",1968,"Before 1991","1961-1970"
"0507 00330000","R-10","R - Single Family/Cabin","431  CHAMBERS WAY","West Grove",1968,"Before 1991","1961-1970"
"0507 00350300","R-10","R - Single Family/Cabin","417  CHAMBERS WAY","West Grove",2006,"1991 or Later","2001-2010"
"0507 00350400","R-10","R - Single Family/Cabin","415  CHAMBERS WAY","West Grove",2006,"1991 or Later","2001-2010"
"0507 00350500","R-55","R - Town House (Common Law Condo)","413  CHAMBERS WAY","West Grove",2008,"1991 or Later","2001-2010"
"0507 00350600","R-55","R - Town House (Common Law Condo)","411  CHAMBERS WAY","West Grove",2008,"1991 or Later","2001-2010"
"0507 00350700","R-10","R - Single Family/Cabin","562  LIBERTY CIR","West Grove",2006,"1991 or Later","2001-2010"
"0507 00350800","R-10","R - Single Family/Cabin","564  LIBERTY CIR","West Grove",2006,"1991 or Later","2001-2010"
"0507 00350900","R-10","R - Single Family/Cabin","566  LIBERTY CIR","West Grove",2006,"1991 or Later","2001-2010"
"0507 00351000","R-10","R - Single Family/Cabin","568  LIBERTY CIR","West Grove",2006,"1991 or Later","2001-2010"
"0507 00351100","R-10","R - Single Family/Cabin","261 E HILLCREST AVE","West Grove",2006,"1991 or Later","2001-2010"
"0507 00351200","R-10","R - Single Family/Cabin","263  HILLCREST AVE","West Grove",2006,"1991 or Later","2001-2010"
"0507 00351300","R-10","R - Single Family/Cabin","265 E HILLCREST AVE","West Grove",2006,"1991 or Later","2001-2010"
"0507 00351400","R-10","R - Single Family/Cabin","267 E HILLCREST AVE","West Grove",2006,"1991 or Later","2001-2010"
"0507 00351500","R-10","R - Single Family/Cabin","221 E HILLCREST AVE","West Grove",2006,"1991 or Later","2001-2010"
"0507 00351600","R-10","R - Single Family/Cabin","223 E HILLCREST AVE","West Grove",2006,"1991 or Later","2001-2010"
"0507 00351700","R-10","R - Single Family/Cabin","225 E LIBERTY CIR","West Grove",2006,"1991 or Later","2001-2010"
"0507 00351800","R-10","R - Single Family/Cabin","227 E HILLCREST AVE","West Grove",2006,"1991 or Later","2001-2010"
"0507 00351900","R-10","R - Single Family/Cabin","542  LIBERTY CIR","West Grove",2006,"1991 or Later","2001-2010"
"0507 00352000","R-10","R - Single Family/Cabin","544  LIBERTY CIR","West Grove",2009,"1991 or Later","2001-2010"
"0507 00352100","R-10","R - Single Family/Cabin","546  LIBERTY CIR","West Grove",2009,"1991 or Later","2001-2010"
"0507 00352200","R-10","R - Single Family/Cabin","548  LIBERTY CIR","West Grove",2007,"1991 or Later","2001-2010"
"0507 00352300","R-10","R - Single Family/Cabin","512  LIBERTY CIR","West Grove",2006,"1991 or Later","2001-2010"
"0507 00352400","R-10","R - Single Family/Cabin","514  LIBERTY CIR","West Grove",2006,"1991 or Later","2001-2010"
"0507 00352500","R-10","R - Single Family/Cabin","516  LIBERTY CIR","West Grove",2006,"1991 or Later","2001-2010"
"0507 00352600","R-10","R - Single Family/Cabin","518  LIBERTY CIR","West Grove",2006,"1991 or Later","2001-2010"
"0507 00352700","R-10","R - Single Family/Cabin","552  LIBERTY CIR","West Grove",2006,"1991 or Later","2001-2010"
"0507 00352800","R-10","R - Single Family/Cabin","554  LIBERTY CIR","West Grove",2009,"1991 or Later","2001-2010"
"0507 00352900","R-10","R - Single Family/Cabin","556  LIBERTY CIR","West Grove",2006,"1991 or Later","2001-2010"
"0507 00353000","R-10","R - Single Family/Cabin","558  LIBERTY CIR","West Grove",2006,"1991 or Later","2001-2010"
"0507 00353100","R-10","R - Single Family/Cabin","611  FREEDOM WAY","West Grove",2007,"1991 or Later","2001-2010"
"0507 00353200","R-10","R - Single Family/Cabin","609  FREEDOM WAY","West Grove",2009,"1991 or Later","2001-2010"
"0507 00353300","R-10","R - Single Family/Cabin","607  FREEDOM WAY","West Grove",2009,"1991 or Later","2001-2010"
"0507 00353400","R-10","R - Single Family/Cabin","605  FREEDOM WAY","West Grove",2009,"1991 or Later","2001-2010"
"0507 00353500","R-10","R - Single Family/Cabin","604  FREEDOM WAY","West Grove",2010,"1991 or Later","2001-2010"
"0507 00353600","R-10","R - Single Family/Cabin","606  FREEDOM WAY","West Grove",2009,"1991 or Later","2001-2010"
"0507 00353700","R-10","R - Single Family/Cabin","608  FREEDOM WAY","West Grove",2009,"1991 or Later","2001-2010"
"0507 00353800","R-10","R - Single Family/Cabin","610  FREEDOM WAY","West Grove",2009,"1991 or Later","2001-2010"
"0507 00353900","R-10","R - Single Family/Cabin","241 E HILLCREST AVE","West Grove",2010,"1991 or Later","2001-2010"
"0507 00354000","R-10","R - Single Family/Cabin","243 E HILLCREST AVE","West Grove",2009,"1991 or Later","2001-2010"
"0507 00354100","R-10","R - Single Family/Cabin","245 E HILLCREST AVE","West Grove",2009,"1991 or Later","2001-2010"
"0507 00354200","R-10","R - Single Family/Cabin","247 E HILLCREST AVE","West Grove",2009,"1991 or Later","2001-2010"
"0507 00354300","R-10","R - Single Family/Cabin","522  LIBERTY CIR","West Grove",2010,"1991 or Later","2001-2010"
"0507 00354400","R-10","R - Single Family/Cabin","524  LIBERTY CIR","West Grove",2009,"1991 or Later","2001-2010"
"0507 00354500","R-10","R - Single Family/Cabin","526  LIBERTY CIR","West Grove",2009,"1991 or Later","2001-2010"
"0507 00354600","R-10","R - Single Family/Cabin","528  FREEDOM WAY","West Grove",2009,"1991 or Later","2001-2010"
"0507 00360000","R-10","R - Single Family/Cabin","104 W MEADOW DR","West Grove",1988,"Before 1991","1981-1990"
"0507 00370000","R-10","R - Single Family/Cabin","106 W MEADOW DR","West Grove",1988,"Before 1991","1981-1990"
"0507 00380000","R-10","R - Single Family/Cabin","108 W MEADOW DR","West Grove",1988,"Before 1991","1981-1990"
"0507 00390000","R-10","R - Single Family/Cabin","110 W MEADOW DR","West Grove",1988,"Before 1991","1981-1990"
"0507 00400000","R-10","R - Single Family/Cabin","112 W MEADOW DR","West Grove",1989,"Before 1991","1981-1990"
"0507 00410000","R-10","R - Single Family/Cabin","114 W MEADOW DR","West Grove",1988,"Before 1991","1981-1990"
"0507 00420000","R-10","R - Single Family/Cabin","116 W MEADOW DR","West Grove",1989,"Before 1991","1981-1990"
"0507 00430000","R-10","R - Single Family/Cabin","118 W MEADOW DR","West Grove",1989,"Before 1991","1981-1990"
"0507 00440000","R-10","R - Single Family/Cabin","1 W MEADOW CRT","West Grove",1988,"Before 1991","1981-1990"
"0507 00450000","R-10","R - Single Family/Cabin","2 W MEADOW CRT","West Grove",1988,"Before 1991","1981-1990"
"0507 00460000","R-10","R - Single Family/Cabin","7 W MEADOW CRT","West Grove",1988,"Before 1991","1981-1990"
"0507 00470000","R-10","R - Single Family/Cabin","8 W MEADOW CRT","West Grove",1988,"Before 1991","1981-1990"
"0507 00480000","R-10","R - Single Family/Cabin","1  POPPY LN","West Grove",1988,"Before 1991","1981-1990"
"0507 00490000","R-10","R - Single Family/Cabin","2  POPPY LN","West Grove",1988,"Before 1991","1981-1990"
"0507 00500000","R-10","R - Single Family/Cabin","1  MERIGOLD CRT","West Grove",1988,"Before 1991","1981-1990"
"0507 00510000","R-10","R - Single Family/Cabin","2  MERIGOLD CRT","West Grove",1989,"Before 1991","1981-1990"
"0507 00520000","R-10","R - Single Family/Cabin","6  MERIGOLD CRT","West Grove",1989,"Before 1991","1981-1990"
"0507 00530000","R-10","R - Single Family/Cabin","100  COLUMBINE DR","West Grove",1989,"Before 1991","1981-1990"
"0507 00540000","R-10","R - Single Family/Cabin","107  COLUMBINE DR","West Grove",1989,"Before 1991","1981-1990"
"0507 00550000","R-10","R - Single Family/Cabin","105  COLUMBINE DR","West Grove",1988,"Before 1991","1981-1990"
"0507 00560000","R-10","R - Single Family/Cabin","103  COLUMBINE DR","West Grove",1989,"Before 1991","1981-1990"
"0507 00570000","R-10","R - Single Family/Cabin","101  COLUMBINE DR","West Grove",1988,"Before 1991","1981-1990"
"0507 00580000","R-10","R - Single Family/Cabin","1  GOLDENROD LN","West Grove",1988,"Before 1991","1981-1990"
"0507 00590000","R-10","R - Single Family/Cabin","2  GOLDENROD LN","West Grove",1988,"Before 1991","1981-1990"
"0507 00600000","R-10","R - Single Family/Cabin","3  GOLDENROD LN","West Grove",1988,"Before 1991","1981-1990"
"0507 00610000","R-10","R - Single Family/Cabin","4  GOLDENROD LN","West Grove",1988,"Before 1991","1981-1990"
"0507 00640000","R-10","R - Single Family/Cabin","393  CLOVER CRT","West Grove",1988,"Before 1991","1981-1990"
"0507 00650000","R-10","R - Single Family/Cabin","12  GOLDENROD LN","West Grove",1988,"Before 1991","1981-1990"
"0507 00660000","R-10","R - Single Family/Cabin","3  POPPY LN","West Grove",1988,"Before 1991","1981-1990"
"0507 00670000","R-10","R - Single Family/Cabin","4  POPPY LN","West Grove",1988,"Before 1991","1981-1990"
"0507 00680000","R-10","R - Single Family/Cabin","5  POPPY LN","West Grove",1988,"Before 1991","1981-1990"
"0507 00690000","R-10","R - Single Family/Cabin","6  POPPY LN","West Grove",1988,"Before 1991","1981-1990"
"0507 00700000","R-10","R - Single Family/Cabin","7  POPPY LN","West Grove",1988,"Before 1991","1981-1990"
"0507 00710000","R-10","R - Single Family/Cabin","8  POPPY LN","West Grove",1988,"Before 1991","1981-1990"
"0507 00720000","R-10","R - Single Family/Cabin","9  POPPY LN","West Grove",1988,"Before 1991","1981-1990"
"0507 00730000","R-10","R - Single Family/Cabin","10  POPPY LN","West Grove",1988,"Before 1991","1981-1990"
"0507 00740000","R-10","R - Single Family/Cabin","11  POPPY LN","West Grove",1989,"Before 1991","1981-1990"
"0507 00750000","R-10","R - Single Family/Cabin","12  POPPY LN","West Grove",1989,"Before 1991","1981-1990"
"0507 00760000","R-10","R - Single Family/Cabin","13  POPPY LN","West Grove",1989,"Before 1991","1981-1990"
"0507 00770000","R-10","R - Single Family/Cabin","14  POPPY LN","West Grove",1989,"Before 1991","1981-1990"
"0507 00780000","R-10","R - Single Family/Cabin","115 W MEADOW DR","West Grove",1988,"Before 1991","1981-1990"
"0507 00790000","R-10","R - Single Family/Cabin","113 W MEADOW DR","West Grove",1989,"Before 1991","1981-1990"
"0507 00800000","R-10","R - Single Family/Cabin","1  BARLEY CRT","West Grove",1987,"Before 1991","1981-1990"
"0507 00810000","R-10","R - Single Family/Cabin","2  BARLEY CRT","West Grove",1988,"Before 1991","1981-1990"
"0507 00820000","R-10","R - Single Family/Cabin","3  BARLEY CRT","West Grove",1988,"Before 1991","1981-1990"
"0507 00830000","R-10","R - Single Family/Cabin","4  BARLEY CRT","West Grove",1988,"Before 1991","1981-1990"
"0507 00840000","R-10","R - Single Family/Cabin","5  BARLEY CRT","West Grove",1988,"Before 1991","1981-1990"
"0507 00850000","R-10","R - Single Family/Cabin","6  BARLEY CRT","West Grove",1988,"Before 1991","1981-1990"
"0507 00860000","R-10","R - Single Family/Cabin","111 W MEADOW DR","West Grove",1989,"Before 1991","1981-1990"
"0507 00870000","R-10","R - Single Family/Cabin","109 W MEADOW DR","West Grove",1988,"Before 1991","1981-1990"
"0507 00880000","R-10","R - Single Family/Cabin","107 W MEADOW DR","West Grove",1988,"Before 1991","1981-1990"
"0507 00890000","R-10","R - Single Family/Cabin","1  THISTLE CRT","West Grove",1988,"Before 1991","1981-1990"
"0507 00900000","R-10","R - Single Family/Cabin","2  THISTLE CRT","West Grove",1987,"Before 1991","1981-1990"
"0507 00910000","R-10","R - Single Family/Cabin","7  THISTLE CRT","West Grove",1988,"Before 1991","1981-1990"
"0507 00920000","R-10","R - Single Family/Cabin","8  THISTLE CRT","West Grove",1989,"Before 1991","1981-1990"
"0507 00930000","R-10","R - Single Family/Cabin","105 W MEADOW DR","West Grove",1989,"Before 1991","1981-1990"
"0507 00940000","R-10","R - Single Family/Cabin","103 W MEADOW DR","West Grove",1988,"Before 1991","1981-1990"
"0507 00950000","R-10","R - Single Family/Cabin","101 W MEADOW DR","West Grove",1805,"Before 1991","1950 or older"
"0507 00980000","R-10","R - Single Family/Cabin","41  WINTERSET CRT","West Grove",1991,"1991 or Later","1991-2000"
"0507 00990000","R-10","R - Single Family/Cabin","40  WINTERSET CRT","West Grove",1991,"1991 or Later","1991-2000"
"0507 01000000","R-10","R - Single Family/Cabin","39  WINTERSET CRT","West Grove",1991,"1991 or Later","1991-2000"
"0507 01010000","R-10","R - Single Family/Cabin","38  WINTERSET CRT","West Grove",1991,"1991 or Later","1991-2000"
"0507 01020000","R-10","R - Single Family/Cabin","37  WINTERSET CRT","West Grove",1991,"1991 or Later","1991-2000"
"0507 01030000","R-10","R - Single Family/Cabin","36  WINTERSET CRT","West Grove",1991,"1991 or Later","1991-2000"
"0507 01040000","R-10","R - Single Family/Cabin","35  WINTERSET CRT","West Grove",1991,"1991 or Later","1991-2000"
"0507 01050000","R-10","R - Single Family/Cabin","34  WINTERSET CRT","West Grove",1991,"1991 or Later","1991-2000"
"0507 01060000","R-10","R - Single Family/Cabin","33  WINTERSET CRT","West Grove",1991,"1991 or Later","1991-2000"
"0507 01070000","R-10","R - Single Family/Cabin","32  WINTERSET CRT","West Grove",1991,"1991 or Later","1991-2000"
"0507 01080000","R-10","R - Single Family/Cabin","31  WINTERSET CRT","West Grove",1991,"1991 or Later","1991-2000"
"0507 01090000","R-10","R - Single Family/Cabin","30  WINTERSET CRT","West Grove",1991,"1991 or Later","1991-2000"
"0507 01100000","R-10","R - Single Family/Cabin","29  WINTERSET CRT","West Grove",1991,"1991 or Later","1991-2000"
"0507 01110000","R-10","R - Single Family/Cabin","28  WINTERSET CRT","West Grove",1991,"1991 or Later","1991-2000"
"0507 01120000","R-10","R - Single Family/Cabin","27  WINTERSET CRT","West Grove",1991,"1991 or Later","1991-2000"
"0507 01130000","R-10","R - Single Family/Cabin","26  WINTERSET CRT","West Grove",1991,"1991 or Later","1991-2000"
"0507 01140000","R-10","R - Single Family/Cabin","25  WINTERSET CRT","West Grove",1991,"1991 or Later","1991-2000"
"0507 01150000","R-10","R - Single Family/Cabin","24  WINTERSET CRT","West Grove",1991,"1991 or Later","1991-2000"
"0507 01160000","R-10","R - Single Family/Cabin","23  WINTERSET CRT","West Grove",1991,"1991 or Later","1991-2000"
"0507 01170000","R-10","R - Single Family/Cabin","22  WINTERSET CRT","West Grove",1991,"1991 or Later","1991-2000"
"0507 01180000","R-10","R - Single Family/Cabin","21  WINTERSET CRT","West Grove",1991,"1991 or Later","1991-2000"
"0507 01190000","R-10","R - Single Family/Cabin","20  WINTERSET CRT","West Grove",1991,"1991 or Later","1991-2000"
"0507 01200000","R-10","R - Single Family/Cabin","19  WINTERSET CRT","West Grove",1991,"1991 or Later","1991-2000"
"0507 01210000","R-10","R - Single Family/Cabin","18  WINTERSET CRT","West Grove",1991,"1991 or Later","1991-2000"
"0507 01220000","R-10","R - Single Family/Cabin","16  WINTERSET CRT","West Grove",1992,"1991 or Later","1991-2000"
"0507 01230000","R-10","R - Single Family/Cabin","15  WINTERSET CRT","West Grove",1992,"1991 or Later","1991-2000"
"0507 01240000","R-10","R - Single Family/Cabin","14  WINTERSET CRT","West Grove",1992,"1991 or Later","1991-2000"
"0507 01250000","R-10","R - Single Family/Cabin","13  WINTERSET CRT","West Grove",1992,"1991 or Later","1991-2000"
"0507 01270000","R-10","R - Single Family/Cabin","12  WINTERSET CRT","West Grove",1992,"1991 or Later","1991-2000"
"0507 01280000","R-10","R - Single Family/Cabin","11  WINTERSET CRT","West Grove",1992,"1991 or Later","1991-2000"
"0507 01290000","R-10","R - Single Family/Cabin","10  WINTERSET CRT","West Grove",1992,"1991 or Later","1991-2000"
"0507 01300000","R-10","R - Single Family/Cabin","9  WINTERSET CRT","West Grove",1992,"1991 or Later","1991-2000"
"0507 01310000","R-10","R - Single Family/Cabin","8  WINTERSET CRT","West Grove",1992,"1991 or Later","1991-2000"
"0507 01320000","R-10","R - Single Family/Cabin","7  WINTERSET CRT","West Grove",1992,"1991 or Later","1991-2000"
"0507 01330000","R-10","R - Single Family/Cabin","6  WINTERSET CRT","West Grove",1992,"1991 or Later","1991-2000"
"0507 01340000","R-10","R - Single Family/Cabin","5  WINTERSET CRT","West Grove",1992,"1991 or Later","1991-2000"
"0507 01350000","R-10","R - Single Family/Cabin","4  WINTERSET CRT","West Grove",1992,"1991 or Later","1991-2000"
"0507 01360000","R-10","R - Single Family/Cabin","3  WINTERSET CRT","West Grove",1992,"1991 or Later","1991-2000"
"0507 01370000","R-10","R - Single Family/Cabin","2  WINTERSET CRT","West Grove",1992,"1991 or Later","1991-2000"
"0507 01380000","R-10","R - Single Family/Cabin","1  WINTERSET CRT","West Grove",1992,"1991 or Later","1991-2000"
"0507 01390000","R-10","R - Single Family/Cabin","45  WINTERSET CRT","West Grove",1991,"1991 or Later","1991-2000"
"0507 01400000","R-10","R - Single Family/Cabin","44  WINTERSET CRT","West Grove",1991,"1991 or Later","1991-2000"
"0507 01410000","R-10","R - Single Family/Cabin","43  WINTERSET CRT","West Grove",1991,"1991 or Later","1991-2000"
"0507 01420000","R-10","R - Single Family/Cabin","42  WINTERSET CRT","West Grove",1991,"1991 or Later","1991-2000"
"5908 01080000","R-10","R - Single Family/Cabin","532  PROSPECT AVE","West Grove",1948,"Before 1991","1950 or older"
"5908 01090000","R-10","R - Single Family/Cabin","523  PROSPECT AVE","West Grove",1948,"Before 1991","1950 or older"
"5908F00880000","R-10","R - Single Family/Cabin","404  HEATHER GROVE LN","West Grove",1995,"1991 or Later","1991-2000"
"0504 0000200T","T-10","R - Trailers and Mobile Homes","206 E SUMMIT AVE","West Grove",NA,NA,NA
"0504 0000225T","T-10","R - Trailers and Mobile Homes","117  MURRAY AVE","West Grove",NA,NA,NA
"0504 01150000","R-70","R - Mobile Home","109  MURRAY AVE","West Grove",NA,NA,NA
"0504 02840100","R-70","R - Mobile Home","205 E SUMMIT AVE","West Grove",NA,NA,NA
"0504 0284101T","T-10","R - Trailers and Mobile Homes","209 E SUMMIT AVE","West Grove",NA,NA,NA
"0504 0284102T","T-10","R - Trailers and Mobile Homes","205  SUMMIT AVE","West Grove",NA,NA,NA
"0504 02860000","R-70","R - Mobile Home","201 E SUMMIT AVE","West Grove",NA,NA,NA
"0504 03790000","R-70","R - Mobile Home","206 E SUMMIT AVE","West Grove",NA,NA,NA
"0504 0384000T","T-10","R - Trailers and Mobile Homes","216 E SUMMIT AVE","West Grove",NA,NA,NA
